clave_ent,entidad,sesnsp_2025_total,sesnsp_2025_hd,sesnsp_2025_hc,sesnsp_2025_feminicidio,sesnsp_2025_extorsion,sesnsp_2025_secuestro,sesnsp_2025_narcomenudeo,sesnsp_2025_violencia_familiar,sesnsp_2025_robo_amplio,sesnsp_2025_lesiones_dolosas,sesnsp_2025_abuso_sexual,sesnsp_2025_violacion,sesnsp_2025_amenazas,serie_hd_2015,serie_hd_2016,serie_hd_2017,serie_hd_2018,serie_hd_2019,serie_hd_2020,serie_hd_2021,serie_hd_2022,serie_hd_2023,serie_hd_2024,serie_hd_2025,serie_total_2015,serie_total_2020,serie_total_2025,sesnsp_2026_parcial_total,sesnsp_2026_parcial_hd,rnpdno_desaparecidos,rnpdno_no_localizados,rnpdno_loc_con_vida,rnpdno_loc_sin_vida,rnpdno_activos_total,poblacion_2025,tasa_hd_100k_2025,tasa_feminicidio_100k_2025,tasa_extorsion_100k_2025,tasa_total_100k_2025,tasa_rnpdno_activos_100k,tasa_secuestro_100k_2025,tasa_violencia_familiar_100k_2025,tasa_violacion_100k_2025
1,Aguascalientes,39291,86,134,4,71,0,2778,2719,9303,3350,0,370,2905,38,39,82,75,91,72,75,70,85,112,86,23212,33626,39291,23263,32,499,8,6451,226,507,1549118,5.55,0.258,4.58,2536.3,32.7,0.0,175.5,23.88
2,Baja California,91936,1530,442,33,89,4,8622,15463,21272,4748,1590,804,4033,821,1168,2084,2798,2606,2629,2670,2399,2116,2089,1530,119944,92168,91936,53245,740,5146,51,3383,273,5197,4131619,37.03,0.799,2.15,2225.2,125.8,0.097,374.3,19.46
3,Baja California Sur,24740,113,115,6,138,2,1048,3292,5198,1764,405,239,2398,151,216,610,162,81,62,48,39,24,56,113,21415,18254,24740,14414,33,1159,16,2134,301,1175,904052,12.5,0.664,15.26,2736.6,130.0,0.221,364.1,26.44
4,Campeche,5581,101,78,11,20,1,433,513,712,585,131,265,432,49,81,66,69,73,77,85,87,94,95,101,1886,2003,5581,2586,53,176,11,1925,38,187,958567,10.54,1.148,2.09,582.2,19.5,0.104,53.5,27.65
5,Coahuila de Zaragoza,69149,76,229,9,76,0,5358,14664,5910,4842,810,492,13184,278,212,222,228,221,194,137,129,116,105,76,46569,48461,69149,42374,42,3363,329,1246,355,3692,3400257,2.24,0.265,2.24,2033.6,108.6,0.0,431.3,14.47
6,Colima,26814,557,149,3,142,3,2399,4249,4090,1135,350,169,2897,162,502,698,617,661,544,474,738,792,749,557,6562,25370,26814,15878,310,1451,73,2687,395,1524,767105,72.61,0.391,18.51,3495.5,198.7,0.391,553.9,22.03
7,Chiapas,11031,324,780,31,85,12,1411,802,1678,430,120,284,691,502,468,475,562,525,419,429,377,500,662,324,21618,17269,11031,5379,174,1700,334,7560,308,2034,6107903,5.3,0.508,1.39,180.6,33.3,0.196,13.1,4.65
8,Chihuahua,73862,1491,316,45,10,73,3801,14050,11624,5462,1865,1440,3580,945,1232,1566,1809,2181,2296,2060,1668,1776,1705,1491,61280,66837,73862,42734,720,3475,823,9675,1031,4298,4043130,36.88,1.113,0.25,1826.9,106.3,1.806,347.5,35.62
9,Ciudad de México,210384,761,753,44,1753,26,6030,33712,63452,5015,3779,2101,19810,798,906,1048,1364,1396,1128,921,709,780,813,761,169701,198155,210384,122232,425,5846,200,16277,828,6046,9183658,8.29,0.479,19.09,2290.9,65.8,0.283,367.1,22.88
10,Durango,18333,55,205,6,23,0,950,4914,2252,1918,480,243,1121,236,236,216,180,150,143,128,115,78,64,55,29088,26024,18333,11170,28,1124,18,4831,279,1142,1927128,2.85,0.311,1.19,951.3,59.3,0.0,255.0,12.61
11,Guanajuato,166481,2035,1266,18,1275,12,20881,16626,32128,17152,1647,1101,15267,863,947,1084,2609,2775,3359,2823,2634,2581,2553,2035,95782,122870,166481,92835,722,5646,26,16340,1388,5672,6537669,31.13,0.275,19.5,2546.5,86.8,0.184,254.3,16.84
12,Guerrero,25342,1071,365,20,109,5,886,2704,5327,2823,356,383,3124,2016,2213,2310,2222,1580,1222,1166,1137,1401,1398,1071,36783,23874,25342,15489,465,4574,50,2090,564,4624,3607434,29.69,0.554,3.02,702.5,128.2,0.139,75.0,10.62
13,Hidalgo,57165,253,174,14,179,6,858,7645,11860,4872,762,899,4717,146,135,184,203,287,296,241,274,219,246,253,27504,41260,57165,31933,119,1504,230,5434,421,1734,3299857,7.67,0.424,5.42,1732.3,52.5,0.182,231.7,27.24
14,Jalisco,114417,952,1072,39,439,17,2443,12315,32242,8794,5415,529,9737,957,1105,1342,1959,2017,1754,1816,1600,1450,1440,952,95331,126599,114417,66890,442,12389,392,10925,2251,12781,8903326,10.69,0.438,4.93,1285.1,143.6,0.191,138.3,5.94
15,México,352563,1312,1500,55,2150,33,3603,25911,97032,43468,4848,2844,0,2021,2054,2031,2349,2539,2441,2346,2257,2254,1964,1312,323525,341278,352563,193553,548,13827,825,47753,2984,14652,17723173,7.4,0.31,12.13,1989.3,82.7,0.186,146.2,16.05
16,Michoacán de Ocampo,47937,1072,1254,24,287,42,2019,1720,10868,6680,625,556,5027,766,1262,1249,1338,1680,1976,2233,1969,1438,1246,1072,30899,45888,47937,32655,390,7512,336,5218,727,7848,5045030,21.25,0.476,5.69,950.2,155.6,0.833,34.1,11.02
17,Morelos,45451,997,388,35,419,20,1058,5807,13515,877,598,469,5303,480,586,575,693,911,802,1035,1041,1302,1323,997,49245,40491,45451,28859,512,1810,306,5070,516,2116,2056103,48.49,1.702,20.38,2210.5,102.9,0.973,282.4,22.81
18,Nayarit,10993,157,262,10,47,7,569,2058,1220,733,259,304,621,83,40,250,329,168,159,201,150,120,144,157,6651,4165,10993,5414,29,2017,217,2621,266,2234,1324282,11.86,0.755,3.55,830.1,168.7,0.529,155.4,22.96
19,Nuevo León,76585,726,513,15,940,16,8636,19471,7845,3210,1574,1385,2958,450,641,613,746,889,847,1003,1328,1338,1539,726,72350,78949,76585,46085,240,5843,1648,17424,1445,7491,6413123,11.32,0.234,14.66,1194.2,116.8,0.249,303.6,21.6
20,Oaxaca,29311,781,837,13,74,22,722,3777,5286,2663,457,665,4252,201,738,855,983,1011,809,736,826,852,877,781,6127,39061,29311,15616,441,752,55,3524,104,807,4339377,18.0,0.3,1.71,675.5,18.6,0.507,87.0,15.32
21,Puebla,82122,779,838,25,244,21,1559,10551,32758,4803,911,765,5820,493,581,894,1105,1109,872,797,914,852,880,779,64399,63587,82122,48257,345,2618,290,15599,1251,2908,7070124,11.02,0.354,3.45,1161.5,41.1,0.297,149.2,10.82
22,Querétaro,56559,140,337,14,268,0,2413,4832,18756,4555,677,589,3984,131,118,175,180,176,182,185,166,179,174,140,32817,52026,56559,33725,68,668,121,2874,320,789,2654421,5.27,0.527,10.1,2130.7,29.7,0.0,182.0,22.19
23,Quintana Roo,55842,249,1015,15,207,0,2717,7404,11564,3222,1069,717,4118,228,165,359,763,685,581,585,562,629,569,249,32496,40751,55842,34440,68,1752,137,3766,189,1889,2101638,11.85,0.714,9.85,2657.1,89.9,0.0,352.3,34.12
24,San Luis Potosí,60059,185,314,7,176,5,12329,9964,11460,4140,689,611,3005,241,306,451,457,453,621,614,547,433,377,185,21419,45808,60059,34231,27,1282,50,3854,240,1332,2979775,6.21,0.235,5.91,2015.6,44.7,0.168,334.4,20.5
25,Sinaloa,39003,1355,581,69,104,11,375,6793,11623,3613,491,369,2462,841,922,1250,963,822,700,556,435,492,805,1355,25812,23910,39003,22620,638,6694,572,7693,1772,7266,3187466,42.51,2.165,3.26,1223.6,228.0,0.345,213.1,11.58
26,Sonora,33081,1005,194,24,65,37,5233,5448,5075,1306,665,175,1257,589,630,727,745,1062,1330,1600,1439,1134,1129,1005,28659,31090,33081,18029,383,6108,33,5274,670,6141,3140762,32.0,0.764,2.07,1053.3,195.5,1.178,173.5,5.57
27,Tabasco,45655,760,488,25,197,37,992,6960,9109,3623,225,233,4673,233,276,388,508,565,509,390,291,234,707,760,57452,45014,45655,27428,343,2165,28,2687,197,2193,2467519,30.8,1.013,7.98,1850.2,88.9,1.499,282.1,9.44
28,Tamaulipas,39924,203,685,29,115,8,532,7998,8133,2362,720,513,2162,533,594,799,851,663,572,525,382,365,331,203,44527,31844,39924,23575,102,13148,669,9293,1005,13817,3748419,5.42,0.774,3.07,1065.1,368.6,0.213,213.4,13.69
29,Tlaxcala,2493,103,18,7,12,11,117,49,1569,73,14,18,5,58,75,118,118,147,108,116,130,106,128,103,8317,4141,2493,1040,61,208,10,1819,112,218,1447721,7.11,0.484,0.83,172.2,15.1,0.76,3.4,1.24
30,Veracruz de Ignacio de la Llave,75773,813,1061,45,730,32,2587,10619,16030,6428,1105,433,7087,525,1200,1722,1497,1432,1294,1107,855,828,770,813,45539,79259,75773,49500,446,7258,5,8548,1091,7263,8121275,10.01,0.554,8.99,933.0,89.4,0.394,130.8,5.33
31,Yucatán,5357,35,176,10,2,0,300,288,724,283,113,46,791,52,50,37,48,33,52,42,39,34,44,35,34716,8417,5357,4300,15,336,4,6687,218,340,2513461,1.39,0.398,0.08,213.1,13.5,0.0,11.5,1.83
32,Zacatecas,23490,114,407,7,62,2,548,3442,4763,1692,300,270,1452,232,449,551,561,510,789,1134,981,709,369,114,16179,22742,23490,13695,33,2943,1064,3875,708,4007,1712936,6.66,0.409,3.62,1371.3,233.9,0.117,200.9,15.76
