ventana,cve_mun,municipio,estado,poblacion,tasa_homicidio_ini,tasa_homicidio_fin,delta_homicidio_pct,tasa_control_ini,tasa_control_fin,delta_control_pct,carpetas_homicidio_fin,carpetas_control_fin,cuadrante,score
2019-2025,01001,"Aguascalientes","Aguascalientes",1029221,6.37,3.98,-37.5,143.68,206.47,43.7,41,2125,Q2,81.2
2019-2025,01005,"Jesús María","Aguascalientes",141363,6.1,10.61,73.9,123.6,227.07,83.7,15,321,Q3,9.9
2019-2025,01011,"San Francisco de los Romo","Aguascalientes",76129,13.26,6.57,-50.5,106.06,84.07,-20.7,5,64,Q1,29.7
2019-2025,02001,"Ensenada","Baja California",468460,55.73,20.07,-64,317.31,373.35,17.7,94,1749,Q2,81.7
2019-2025,02002,"Mexicali","Baja California",1092460,13.01,15.93,22.5,264.16,111.31,-57.9,174,1216,Q4,-80.3
2019-2025,02003,"Tecate","Baja California",113824,71.14,51.83,-27.1,13.68,231.94,1595.3,59,264,Q2,1622.4
2019-2025,02004,"Tijuana","Baja California",2151740,104.59,49.87,-52.3,331.34,229.12,-30.9,1073,4930,Q1,21.5
2019-2025,02005,"Playas de Rosarito","Baja California",150975,116.3,35.77,-69.2,13.73,280.84,1945.4,54,424,Q2,2014.7
2019-2025,03001,"Comondú","Baja California Sur",75231,6.74,57.16,748.4,66.02,83.74,26.8,43,63,Q3,-721.6
2019-2025,03002,"Mulegé","Baja California Sur",67839,9.3,22.11,137.8,74.37,57.49,-22.7,15,39,Q4,-160.5
2019-2025,03003,"La Paz","Baja California Sur",321359,10.53,4.67,-55.7,93.78,79.66,-15.1,15,256,Q1,40.6
2019-2025,03008,"Los Cabos","Baja California Sur",422164,11.26,4.97,-55.8,80.29,174.81,117.7,21,738,Q2,173.6
2019-2025,04002,"Campeche","Campeche",303331,3.38,7.91,134.4,17.89,89.01,397.5,24,270,Q3,263.1
2019-2025,04003,"Carmen","Campeche",258853,12.7,10.04,-20.9,11.51,38.63,235.7,26,100,Q2,256.6
2019-2025,04009,"Escárcega","Campeche",61009,18.18,9.83,-45.9,42.97,26.23,-39,6,16,Q1,6.9
2019-2025,05017,"Matamoros","Coahuila",131274,10.96,1.52,-86.1,197.26,187.39,-5,2,246,Q1,81.1
2019-2025,05018,"Monclova","Coahuila",248394,4.16,2.01,-51.6,532.74,113.13,-78.8,5,281,Q1,-27.2
2019-2025,05020,"Múzquiz","Coahuila",74103,11.06,6.75,-39,251.69,144.39,-42.6,5,107,Q1,-3.6
2019-2025,05025,"Piedras Negras","Coahuila",192408,7.91,6.76,-14.6,523.8,337.3,-35.6,13,649,Q1,-21
2019-2025,05030,"Saltillo","Coahuila",979001,2.61,1.33,-49.1,208.8,70.79,-66.1,13,693,Q1,-17
2019-2025,05035,"Torreón","Coahuila",776036,12.27,2.06,-83.2,211.8,254.24,20,16,1973,Q2,103.2
2019-2025,06002,"Colima","Colima",164746,62.94,83.77,33.1,523.66,216.7,-58.6,138,357,Q4,-91.7
2019-2025,06007,"Manzanillo","Colima",202070,136.46,119.27,-12.6,248.1,624.54,151.7,241,1262,Q2,164.3
2019-2025,06009,"Tecomán","Colima",117990,114.84,11.87,-89.7,231.36,568.69,145.8,14,671,Q2,235.5
2019-2025,07012,"Berriozábal","Chiapas",77328,9.35,7.76,-17,15.58,9.05,-41.9,6,7,Q1,-24.9
2019-2025,07019,"Comitán de Domínguez","Chiapas",187436,6.51,2.67,-59,6.51,22.41,244.1,5,42,Q2,303.2
2019-2025,07034,"Frontera Comalapa","Chiapas",92431,8.54,14.06,64.8,7.32,51.93,609.8,13,48,Q3,545.1
2019-2025,07040,"Huixtla","Chiapas",55273,9.11,18.09,98.7,50.99,101.32,98.7,10,56,Q3,0
2019-2025,07059,"Ocosingo","Chiapas",263945,8.37,1.89,-77.4,4.6,7.58,64.6,5,20,Q2,141.9
2019-2025,07061,"Ocozocoautla de Espinosa","Chiapas",110029,10.11,8.18,-19.1,15.17,29.08,91.7,9,32,Q2,110.8
2019-2025,07065,"Palenque","Chiapas",149250,22.38,6.03,-73.1,38.79,26.8,-30.9,9,40,Q1,42.1
2019-2025,07078,"San Cristóbal de las Casas","Chiapas",232704,4.52,3.44,-24,15.38,61.45,299.6,8,143,Q2,323.6
2019-2025,07089,"Tapachula","Chiapas",375641,19.01,12.25,-35.6,69.7,68.68,-1.5,46,258,Q1,34.1
2019-2025,07101,"Tuxtla Gutiérrez","Chiapas",636678,5.96,3.3,-44.7,41.41,45.23,9.2,21,288,Q2,53.9
2019-2025,07108,"Villaflores","Chiapas",116677,14.29,6.86,-52,21.43,65.99,208,8,77,Q2,260
2019-2025,08017,"Cuauhtémoc","Chihuahua",196633,72.03,42.72,-40.7,70.38,188.17,167.3,84,370,Q2,208
2019-2025,08019,"Chihuahua","Chihuahua",1028306,34.2,26.65,-22.1,63.63,132.94,108.9,274,1367,Q2,131
2019-2025,08021,"Delicias","Chihuahua",156678,5.89,7.66,30,30.12,11.49,-61.9,12,18,Q4,-91.8
2019-2025,08032,"Hidalgo del Parral","Chihuahua",127636,18.71,5.48,-70.7,40.83,120.66,195.5,7,154,Q2,266.2
2019-2025,08037,"Juárez","Chihuahua",1661295,84.7,46.65,-44.9,441.94,108.23,-75.5,775,1798,Q1,-30.6
2019-2025,08050,"Nuevo Casas Grandes","Chihuahua",68506,15.03,13.14,-12.6,10.52,55.47,427.2,9,38,Q2,439.8
2019-2025,09002,"Azcapotzalco","Ciudad de México",444246,9.87,7.43,-24.8,47.98,59.88,24.8,33,266,Q2,49.5
2019-2025,09003,"Coyoacán","Ciudad de México",602223,9.11,3.82,-58.1,65.71,46.99,-28.5,23,283,Q1,29.6
2019-2025,09004,"Cuajimalpa de Morelos","Ciudad de México",226484,5.48,4.86,-11.4,25.57,36.65,43.3,11,83,Q2,54.7
2019-2025,09005,"Gustavo A. Madero","Ciudad de México",1149481,18.33,6.7,-63.5,59.76,66.46,11.2,77,764,Q2,74.7
2019-2025,09006,"Iztacalco","Ciudad de México",399570,9.75,6.51,-33.2,60.92,81.84,34.3,26,327,Q2,67.6
2019-2025,09007,"Iztapalapa","Ciudad de México",1800823,17.6,9.77,-44.5,75.3,86.18,14.4,176,1552,Q2,58.9
2019-2025,09008,"La Magdalena Contreras","Ciudad de México",246866,10.32,8.1,-21.5,47.25,29.98,-36.6,20,74,Q1,-15
2019-2025,09009,"Milpa Alta","Ciudad de México",159421,7.83,9.41,20.2,7.83,43.91,460.9,15,70,Q3,440.7
2019-2025,09010,"Álvaro Obregón","Ciudad de México",771231,16.05,7.39,-54,57.61,54.98,-4.6,57,424,Q1,49.4
2019-2025,09011,"Tláhuac","Ciudad de México",394188,18.73,8.63,-53.9,26.83,69,157.2,34,272,Q2,211.2
2019-2025,09012,"Tlalpan","Ciudad de México",712863,16.34,6.73,-58.8,35.35,37.17,5.2,48,265,Q2,63.9
2019-2025,09013,"Xochimilco","Ciudad de México",442569,10.52,9.26,-11.9,33.35,42.71,28,41,189,Q2,40
2019-2025,09014,"Benito Juárez","Ciudad de México",444684,4.09,1.8,-56,37.95,37.78,-0.5,8,168,Q1,55.6
2019-2025,09015,"Cuauhtémoc","Ciudad de México",535550,21.1,13.26,-37.2,238.61,398.47,67,71,2134,Q2,104.2
2019-2025,09016,"Miguel Hidalgo","Ciudad de México",415716,11.34,7.7,-32.1,64.44,64.47,0,32,268,Q2,32.2
2019-2025,09017,"Venustiano Carranza","Ciudad de México",437743,25.57,15.31,-40.1,236.98,127.93,-46,67,560,Q1,-5.9
2019-2025,10005,"Durango","Durango",733138,5.19,2.73,-47.5,67.06,26.33,-60.7,20,193,Q1,-13.3
2019-2025,10007,"Gómez Palacio","Durango",396385,4.55,1.77,-61.2,56.79,134.72,137.2,7,534,Q2,198.4
2019-2025,10012,"Lerdo","Durango",175076,7.92,1.14,-85.6,26.81,65.69,145,2,115,Q2,230.6
2019-2025,10023,"Pueblo Nuevo","Durango",52668,25.06,9.49,-62.1,107.97,37.97,-64.8,5,20,Q1,-2.7
2019-2025,11001,"Abasolo","Guanajuato",95411,76.07,12.58,-83.5,20.36,40.88,100.8,12,39,Q2,184.3
2019-2025,11002,"Acámbaro","Guanajuato",109444,106.43,34.72,-67.4,31.57,282.34,794.4,38,309,Q2,861.8
2019-2025,11003,"San Miguel de Allende","Guanajuato",178876,48.6,40.25,-17.2,51.99,207.97,300,72,372,Q2,317.2
2019-2025,11005,"Apaseo el Grande","Guanajuato",131094,71.17,49.58,-30.3,13.02,96.88,644.1,65,127,Q2,674.5
2019-2025,11007,"Celaya","Guanajuato",557405,38.07,42.88,12.6,76.15,141.91,86.4,239,791,Q3,73.7
2019-2025,11009,"Comonfort","Guanajuato",82417,14.36,19.41,35.2,28.72,71.59,149.2,16,59,Q3,114.1
2019-2025,11011,"Cortazar","Guanajuato",101599,33.27,19.69,-40.8,48.4,157.48,225.4,20,160,Q2,266.2
2019-2025,11014,"Dolores Hidalgo Cuna de la Independencia Nacional","Guanajuato",176767,17.08,16.97,-0.6,12.2,117.1,859.8,30,207,Q2,860.5
2019-2025,11015,"Guanajuato","Guanajuato",207532,22.45,12.53,-44.2,59.69,202.86,239.9,26,421,Q2,284
2019-2025,11017,"Irapuato","Guanajuato",617848,59.88,38.2,-36.2,82.23,208.14,153.1,236,1286,Q2,189.3
2019-2025,11019,"Jerécuaro","Guanajuato",50379,23.89,17.86,-25.2,15.93,65.5,311.3,9,33,Q2,336.5
2019-2025,11020,"León","Guanajuato",1877296,26.36,22.16,-15.9,415.74,829.6,99.5,416,15574,Q2,115.5
2019-2025,11023,"Pénjamo","Guanajuato",160941,68.9,43.49,-36.9,250.08,137.32,-45.1,70,221,Q1,-8.2
2019-2025,11025,"Purísima del Rincón","Guanajuato",89013,35.48,25.84,-27.2,33.12,103.36,212.1,23,92,Q2,239.3
2019-2025,11026,"Romita","Guanajuato",70452,25.81,4.26,-83.5,16.7,80.91,384.5,3,57,Q2,468
2019-2025,11027,"Salamanca","Guanajuato",275473,106.6,72.97,-31.5,32.41,166.99,415.2,201,460,Q2,446.8
2019-2025,11028,"Salvatierra","Guanajuato",93715,87.1,74.69,-14.2,33.18,123.78,273,70,116,Q2,287.3
2019-2025,11030,"San Felipe","Guanajuato",128254,15.75,18.71,18.8,18.23,138.79,661.2,24,178,Q3,642.4
2019-2025,11031,"San Francisco del Rincón","Guanajuato",141216,56.42,31.87,-43.5,61.76,97.01,57.1,45,137,Q2,100.6
2019-2025,11032,"San José Iturbide","Guanajuato",99602,14.57,15.06,3.4,29.14,103.41,254.9,15,103,Q3,251.5
2019-2025,11033,"San Luis de la Paz","Guanajuato",137626,40.18,15.26,-62,34.77,127.88,267.8,21,176,Q2,329.8
2019-2025,11035,"Santa Cruz de Juventino Rosas","Guanajuato",82155,15.53,40.17,158.7,23.88,63.29,165,33,52,Q3,6.3
2019-2025,11037,"Silao de la Victoria","Guanajuato",221116,63.53,16.73,-73.7,27.37,132.96,385.8,37,294,Q2,459.5
2019-2025,11041,"Uriangato","Guanajuato",60589,19.16,8.25,-56.9,23.95,136.99,472,5,83,Q2,528.9
2019-2025,11042,"Valle de Santiago","Guanajuato",155034,81.29,78.69,-3.2,29.08,96.11,230.5,122,149,Q2,233.7
2019-2025,11044,"Villagrán","Guanajuato",70616,25.87,43.9,69.7,25.87,143.03,452.9,31,101,Q3,383.2
2019-2025,11046,"Yuriria","Guanajuato",69015,67.18,36.22,-46.1,14.29,142,893.5,25,98,Q2,939.6
2019-2025,12001,"Acapulco de Juárez","Guerrero",787976,74.15,61.04,-17.7,68.26,75.89,11.2,481,598,Q2,28.9
2019-2025,12021,"Coyuca de Benítez","Guerrero",72468,48.09,33.12,-31.1,8.01,13.8,72.2,24,10,Q2,103.3
2019-2025,12029,"Chilpancingo de los Bravo","Guerrero",297436,49.8,31.27,-37.2,40.05,50.43,25.9,93,150,Q2,63.1
2019-2025,12035,"Iguala de la Independencia","Guerrero",158431,36.38,29.67,-18.5,22.98,36.61,59.3,47,58,Q2,77.8
2019-2025,12038,"Zihuatanejo de Azueta","Guerrero",128977,95.96,64.35,-32.9,42.91,31.01,-27.7,83,40,Q1,5.2
2019-2025,12046,"Ometepec","Guerrero",69497,53.32,38.85,-27.1,7.2,15.83,119.7,27,11,Q2,146.8
2019-2025,12055,"Taxco de Alarcón","Guerrero",105242,58.36,0,-100,13.9,7.6,-45.3,0,8,Q1,54.7
2019-2025,12057,"Técpan de Galeana","Guerrero",66594,22.6,10.51,-53.5,18.08,0,-100,7,0,Q1,-46.5
2019-2025,12066,"Tlapa de Comonfort","Guerrero",103878,45.53,30.81,-32.3,7.24,13.48,86.1,32,14,Q2,118.4
2019-2025,12075,"Eduardo Neri","Guerrero",54814,26,12.77,-50.9,9.28,29.19,214.4,7,16,Q2,265.3
2019-2025,13013,"Atotonilco de Tula","Hidalgo",73956,17.14,6.76,-60.5,22.28,36.51,63.9,5,27,Q2,124.4
2019-2025,13028,"Huejutla de Reyes","Hidalgo",129051,6.18,5.42,-12.3,6.18,8.52,37.9,7,11,Q2,50.1
2019-2025,13030,"Ixmiquilpan","Hidalgo",104421,24.1,0.96,-96,25.1,14.36,-42.8,1,15,Q1,53.2
2019-2025,13041,"Mixquiahuala de Juárez","Hidalgo",50140,20.88,11.97,-42.7,29.23,23.93,-18.1,6,12,Q1,24.6
2019-2025,13048,"Pachuca de Soto","Hidalgo",354992,8.92,5.35,-40,41.11,77.75,89.1,19,276,Q2,129.1
2019-2025,13063,"Tepeji del Río de Ocampo","Hidalgo",96283,8.73,10.39,19,17.46,25.97,48.7,10,25,Q3,29.7
2019-2025,13069,"Tizayuca","Hidalgo",200703,5.57,8.97,61.1,29.07,46.84,61.1,18,94,Q3,0
2019-2025,13076,"Tula de Allende","Hidalgo",120950,25.82,36.38,40.9,32.7,54.57,66.9,44,66,Q3,26
2019-2025,13077,"Tulancingo de Bravo","Hidalgo",177213,9.4,10.16,8,35.26,46.84,32.8,18,83,Q3,24.8
2019-2025,14006,"Ameca","Jalisco",59935,11.35,8.34,-26.5,12.98,6.67,-48.6,5,4,Q1,-22
2019-2025,14023,"Zapotlán el Grande","Jalisco",126799,12.95,5.52,-57.4,20.71,7.1,-65.7,7,9,Q1,-8.4
2019-2025,14030,"Chapala","Jalisco",60532,39.58,3.3,-91.7,86.36,14.87,-82.8,2,9,Q1,8.9
2019-2025,14035,"Encarnación de Díaz","Jalisco",53788,64.64,13.01,-79.9,18.47,22.31,20.8,7,12,Q2,100.7
2019-2025,14039,"Guadalajara","Jalisco",1383955,25.65,10.77,-58,55.38,54.19,-2.2,149,750,Q1,55.9
2019-2025,14044,"Ixtlahuacán de los Membrillos","Jalisco",82631,24.02,7.26,-69.8,18.02,16.94,-6,6,14,Q1,63.8
2019-2025,14050,"Jocotepec","Jalisco",50353,31.29,3.97,-87.3,37.55,13.9,-63,2,7,Q1,24.3
2019-2025,14053,"Lagos de Moreno","Jalisco",182927,56.11,10.93,-80.5,48.67,34.99,-28.1,20,64,Q1,52.4
2019-2025,14063,"Ocotlán","Jalisco",110559,9.34,1.81,-80.6,28.01,18.99,-32.2,2,21,Q1,48.4
2019-2025,14066,"Poncitlán","Jalisco",56595,20.2,7.07,-65,23.88,8.83,-63,4,5,Q1,2
2019-2025,14067,"Puerto Vallarta","Jalisco",311018,11.18,4.82,-56.9,23.72,17.68,-25.5,15,55,Q1,31.4
2019-2025,14070,"El Salto","Jalisco",294703,40.25,14.93,-62.9,29.31,27.49,-6.2,44,81,Q1,56.7
2019-2025,14073,"San Juan de los Lagos","Jalisco",76146,13.65,5.25,-61.5,25.93,3.94,-84.8,4,3,Q1,-23.3
2019-2025,14083,"Tala","Jalisco",96477,14.73,4.15,-71.9,12.46,43.53,249.3,4,42,Q2,321.2
2019-2025,14093,"Tepatitlán de Morelos","Jalisco",157910,7.25,1.9,-73.8,32.28,10.13,-68.6,3,16,Q1,5.2
2019-2025,14097,"Tlajomulco de Zúñiga","Jalisco",829928,37.38,17.35,-53.6,28.78,75.43,162.1,144,626,Q2,215.7
2019-2025,14098,"San Pedro Tlaquepaque","Jalisco",732507,43.75,27.99,-36,33.57,54.61,62.7,205,400,Q2,98.7
2019-2025,14101,"Tonalá","Jalisco",609974,32.12,15.41,-52,25.18,30.17,19.8,94,184,Q2,71.8
2019-2025,14120,"Zapopan","Jalisco",1597906,17,6.76,-60.2,18.35,25.41,38.5,108,406,Q2,98.7
2019-2025,14124,"Zapotlanejo","Jalisco",65286,24.03,7.66,-68.1,10.51,9.19,-12.6,5,6,Q1,55.5
2019-2025,15002,"Acolman","México",189927,15.18,7.37,-51.4,14.01,15.8,12.8,14,30,Q2,64.2
2019-2025,15005,"Almoloya de Juárez","México",170861,10.13,7.61,-24.9,16.32,19.9,22,13,34,Q2,46.8
2019-2025,15013,"Atizapán de Zaragoza","México",527700,10.52,5.5,-47.8,27.61,33.16,20.1,29,175,Q2,67.9
2019-2025,15020,"Coacalco de Berriozábal","México",299915,19.19,8,-58.3,25.25,23.67,-6.2,24,71,Q1,52.1
2019-2025,15024,"Cuautitlán","México",199518,10.74,3.51,-67.3,29.96,25.56,-14.7,7,51,Q1,52.6
2019-2025,15025,"Chalco","México",449848,18.37,14.45,-21.3,47.55,34.01,-28.5,65,153,Q1,-7.1
2019-2025,15029,"Chicoloapan","México",194947,9.78,10.77,10.2,24.93,33.86,35.8,21,66,Q3,25.6
2019-2025,15031,"Chimalhuacán","México",725023,15.28,7.45,-51.3,18.93,44.96,137.5,54,326,Q2,188.8
2019-2025,15033,"Ecatepec de Morelos","México",1661406,17.77,7.76,-56.3,56.88,34.85,-38.7,129,579,Q1,17.6
2019-2025,15035,"Huehuetoca","México",206810,27.54,6.77,-75.4,18.15,29.5,62.5,14,61,Q2,137.9
2019-2025,15037,"Huixquilucan","México",300919,12.19,4.32,-64.6,65.13,10.3,-84.2,13,31,Q1,-19.6
2019-2025,15039,"Ixtapaluca","México",575208,11.4,3.82,-66.4,30.52,37.03,21.4,22,213,Q2,87.8
2019-2025,15045,"Jilotepec","México",88012,8.97,6.82,-24,21.31,21.59,1.3,6,19,Q2,25.3
2019-2025,15047,"Jiquipilco","México",79744,6.43,8.78,36.5,7.72,8.78,13.7,7,7,Q3,-22.7
2019-2025,15051,"Lerma","México",186308,10.63,3.76,-64.7,23.63,16.1,-31.9,7,30,Q1,32.8
2019-2025,15054,"Metepec","México",255796,5.73,3.91,-31.8,29.49,19.16,-35,10,49,Q1,-3.2
2019-2025,15057,"Naucalpan de Juárez","México",827125,17.65,9.07,-48.6,121.57,36.75,-69.8,75,304,Q1,-21.1
2019-2025,15058,"Nezahualcóyotl","México",1105861,16.61,4.61,-72.2,27.9,61.4,120.1,51,679,Q2,192.3
2019-2025,15059,"Nextlalpan","México",68648,10.99,13.11,19.3,14.65,48.07,228,9,33,Q3,208.7
2019-2025,15060,"Nicolás Romero","México",460356,22.77,12.82,-43.7,37.27,36.28,-2.7,59,167,Q1,41.1
2019-2025,15062,"Ocoyoacac","México",76580,15.2,9.14,-39.8,11.05,33.95,207.2,7,26,Q2,247.1
2019-2025,15070,"La Paz","México",311981,17.55,5.77,-67.1,27.31,40.39,47.9,18,126,Q2,115
2019-2025,15081,"Tecámac","México",616254,14.28,6.65,-53.4,36.17,26.45,-26.9,41,163,Q1,26.5
2019-2025,15087,"Temoaya","México",106651,12.12,7.5,-38.1,14.92,22.5,50.8,8,24,Q2,89
2019-2025,15088,"Tenancingo","México",110619,6.64,4.52,-31.9,167.95,45.2,-73.1,5,50,Q1,-41.1
2019-2025,15090,"Tenango del Valle","México",94068,10.94,3.19,-70.8,32.82,29.77,-9.3,3,28,Q1,61.5
2019-2025,15091,"Teoloyucan","México",65389,65.97,30.59,-53.6,22.49,36.7,63.2,20,24,Q2,116.8
2019-2025,15092,"Teotihuacán","México",60457,25.31,16.54,-34.6,27,18.19,-32.6,10,11,Q1,2
2019-2025,15095,"Tepotzotlán","México",110560,17.32,13.57,-21.7,36.56,32.56,-10.9,15,36,Q1,10.7
2019-2025,15099,"Texcoco","México",296882,11.22,5.39,-52,34.76,33.68,-3.1,16,100,Q1,48.9
2019-2025,15100,"Tezoyuca","México",53312,27.72,7.5,-72.9,27.72,16.88,-39.1,4,9,Q1,33.8
2019-2025,15101,"Tianguistenco","México",88894,13.01,1.12,-91.4,18.92,14.62,-22.7,1,13,Q1,68.6
2019-2025,15103,"Tlalmanalco","México",50619,14.07,11.85,-15.8,36.18,47.41,31,6,24,Q2,46.8
2019-2025,15104,"Tlalnepantla de Baz","México",698129,20.66,10.31,-50.1,25.75,42.4,64.6,72,296,Q2,114.7
2019-2025,15106,"Toluca","México",950406,8.15,2.84,-65.1,37.92,36.62,-3.4,27,348,Q1,61.7
2019-2025,15108,"Tultepec","México",164131,15.08,21.32,41.4,16.96,29.85,76,35,49,Q3,34.6
2019-2025,15109,"Tultitlán","México",519891,18.08,10.58,-41.5,23.02,39.05,69.6,55,203,Q2,111.1
2019-2025,15113,"Villa Guerrero","México",71752,15.7,4.18,-73.4,68.5,39.02,-43,3,28,Q1,30.3
2019-2025,15118,"Zinacantepec","México",218530,8.29,5.95,-28.3,19.03,25.63,34.7,13,56,Q2,63
2019-2025,15120,"Zumpango","México",319152,31.56,10.34,-67.2,47.53,27.57,-42,33,88,Q1,25.3
2019-2025,15121,"Cuautitlán Izcalli","México",575506,13.02,12.34,-5.2,46.18,38.92,-15.7,71,224,Q1,-10.5
2019-2025,15122,"Valle de Chalco Solidaridad","México",382565,16.04,8.1,-49.5,47.38,26.4,-44.3,31,101,Q1,5.2
2019-2025,16006,"Apatzingán","Michoacán",127957,51.37,95.34,85.6,28.8,52.36,81.8,122,67,Q3,-3.8
2019-2025,16034,"Hidalgo","Michoacán",132050,27.5,9.84,-64.2,23.57,9.09,-61.5,13,12,Q1,2.8
2019-2025,16043,"Jacona","Michoacán",69921,135.69,78.66,-42,154.26,240.27,55.8,55,168,Q2,97.8
2019-2025,16052,"Lázaro Cárdenas","Michoacán",217244,22.82,7.83,-65.7,36.01,34.52,-4.1,17,75,Q1,61.6
2019-2025,16053,"Morelia","Michoacán",918637,31.43,17.31,-44.9,37.41,83.17,122.3,159,764,Q2,167.2
2019-2025,16066,"Pátzcuaro","Michoacán",106234,17.14,16,-6.6,32.26,77.19,139.2,17,82,Q2,145.9
2019-2025,16069,"La Piedad","Michoacán",112811,16.7,5.32,-68.2,31.55,23.93,-24.1,6,27,Q1,44
2019-2025,16071,"Puruándiro","Michoacán",71512,39.93,18.18,-54.5,86.99,26.57,-69.5,13,19,Q1,-15
2019-2025,16075,"Los Reyes","Michoacán",88774,11.43,7.89,-31,8.89,7.89,-11.3,7,7,Q1,19.7
2019-2025,16076,"Sahuayo","Michoacán",83110,95.66,1.2,-98.7,109.5,25.27,-76.9,1,21,Q1,21.8
2019-2025,16079,"Salvador Escalante","Michoacán",51827,25.67,5.79,-77.4,29.62,32.8,10.8,3,17,Q2,88.2
2019-2025,16088,"Tarímbaro","Michoacán",128967,28.72,34.12,18.8,32.2,24.04,-25.3,44,31,Q4,-44.2
2019-2025,16102,"Uruapan","Michoacán",389723,67.94,35.67,-47.5,83.54,87.75,5,139,342,Q2,52.6
2019-2025,16108,"Zamora","Michoacán",220842,77.36,77.43,0.1,216.12,151.69,-29.8,171,335,Q4,-29.9
2019-2025,16112,"Zitácuaro","Michoacán",154483,11.84,7.77,-34.4,72.89,29.13,-60,12,45,Q1,-25.7
2019-2025,17004,"Ayala","Morelos",94259,35.3,29.71,-15.9,31.99,43.5,36,28,41,Q2,51.8
2019-2025,17006,"Cuautla","Morelos",193868,31.9,56.74,77.9,115.58,269.26,133,110,522,Q3,55.1
2019-2025,17007,"Cuernavaca","Morelos",392952,43.89,32.06,-26.9,65.57,51.66,-21.2,126,203,Q1,5.7
2019-2025,17008,"Emiliano Zapata","Morelos",115981,52.96,68.98,30.2,21.37,37.08,73.5,80,43,Q3,43.2
2019-2025,17011,"Jiutepec","Morelos",222503,36.58,32.81,-10.3,16.92,22.92,35.5,73,51,Q2,45.8
2019-2025,17012,"Jojutla","Morelos",58449,54.66,53.04,-3,235.74,212.15,-10,31,124,Q1,-7
2019-2025,17018,"Temixco","Morelos",127681,52.7,80.67,53.1,17.03,24.28,42.6,103,31,Q3,-10.5
2019-2025,17024,"Tlaltizapán de Zapata","Morelos",53781,46.99,39.05,-16.9,101.49,72.52,-28.5,21,39,Q1,-11.7
2019-2025,17028,"Xochitepec","Morelos",78423,66.18,43.35,-34.5,24.31,20.4,-16.1,34,16,Q1,18.4
2019-2025,17029,"Yautepec","Morelos",108567,48.58,57.11,17.6,26.16,72.77,178.2,62,79,Q3,160.6
2019-2025,17030,"Yecapixtla","Morelos",60133,17.71,49.89,181.7,37.19,76.5,105.7,30,46,Q3,-76
2019-2025,18017,"Tepic","Nayarit",453486,11.65,5.95,-48.9,76.42,88.65,16,27,402,Q2,64.9
2019-2025,19006,"Apodaca","Nuevo León",747838,8.89,7.62,-14.2,74.55,123.42,65.6,57,923,Q2,79.8
2019-2025,19009,"Cadereyta Jiménez","Nuevo León",140444,45.6,9.97,-78.1,91.19,62.66,-31.3,14,88,Q1,46.8
2019-2025,19010,"El Carmen","Nuevo León",139237,23.07,12.21,-47.1,73.83,231.98,214.2,17,323,Q2,261.3
2019-2025,19012,"Ciénega de Flores","Nuevo León",92740,29.3,8.63,-70.6,222.1,250.16,12.6,8,232,Q2,83.2
2019-2025,19018,"García","Nuevo León",495731,18.14,16.74,-7.7,26.68,123.86,364.2,83,614,Q2,371.9
2019-2025,19021,"General Escobedo","Nuevo León",546301,11.56,9.15,-20.8,59.03,73.77,25,50,403,Q2,45.8
2019-2025,19025,"General Zuazua","Nuevo León",135033,14.36,8.89,-38.1,54.35,99.24,82.6,12,134,Q2,120.7
2019-2025,19026,"Guadalupe","Nuevo León",665553,11.43,8.41,-26.4,61.65,101.57,64.8,56,676,Q2,91.1
2019-2025,19031,"Juárez","Nuevo León",560836,21.25,11.59,-45.5,51.92,153.7,196,65,862,Q2,241.5
2019-2025,19039,"Monterrey","Nuevo León",1172018,18.85,13.05,-30.7,89.86,237.03,163.8,153,2778,Q2,194.5
2019-2025,19041,"Pesquería","Nuevo León",202281,20.33,11.86,-41.6,129.24,198.73,53.8,24,402,Q2,95.4
2019-2025,19045,"Salinas Victoria","Nuevo León",114954,36.62,6.96,-81,147.7,260.97,76.7,8,300,Q2,157.7
2019-2025,19046,"San Nicolás de los Garza","Nuevo León",424177,10.35,10.37,0.3,40.92,189.07,362.1,44,802,Q3,361.8
2019-2025,19048,"Santa Catarina","Nuevo León",344233,13.75,12.2,-11.2,33.25,83.08,149.9,42,286,Q2,161.1
2019-2025,20039,"Heroica Ciudad de Huajuapan de León","Oaxaca",79844,20.09,21.29,6,26.36,32.56,23.5,17,26,Q3,17.5
2019-2025,20043,"Juchitán de Zaragoza","Oaxaca",122770,45.08,67.61,50,18.56,91.23,391.4,83,112,Q3,341.5
2019-2025,20059,"Miahuatlán de Porfirio Díaz","Oaxaca",54787,36.04,32.85,-8.8,68.08,10.95,-83.9,18,6,Q1,-75.1
2019-2025,20067,"Oaxaca de Juárez","Oaxaca",285221,17.09,7.36,-56.9,49.82,37.16,-25.4,21,106,Q1,31.5
2019-2025,20079,"Salina Cruz","Oaxaca",80243,31.16,34.89,12,16.16,17.45,8,28,14,Q3,-4
2019-2025,20184,"San Juan Bautista Tuxtepec","Oaxaca",157569,66.94,8.25,-87.7,12.9,23.48,82.1,13,37,Q2,169.7
2019-2025,20318,"San Pedro Mixtepec","Oaxaca",51829,29.7,38.59,29.9,49.51,48.24,-2.6,20,25,Q4,-32.5
2019-2025,20385,"Santa Cruz Xoxocotlán","Oaxaca",109628,12.85,7.3,-43.2,5.93,18.24,207.6,8,20,Q2,250.8
2019-2025,20482,"Santiago Pinotepa Nacional","Oaxaca",59387,30.1,63.99,112.6,28.33,139.76,393.3,38,83,Q3,280.7
2019-2025,20515,"Santo Domingo Tehuantepec","Oaxaca",71877,37.94,27.83,-26.7,20.43,20.87,2.2,20,15,Q2,28.8
2019-2025,21015,"Amozoc","Puebla",136668,14.19,12.44,-12.3,14.98,16.83,12.4,17,23,Q2,24.7
2019-2025,21019,"Atlixco","Puebla",146974,35.6,11.57,-67.5,16.75,25.85,54.3,17,38,Q2,121.8
2019-2025,21071,"Huauchinango","Puebla",105094,36.87,13.32,-63.9,9.45,11.42,20.8,14,12,Q2,84.6
2019-2025,21074,"Huejotzingo","Puebla",100524,20.11,12.93,-35.7,12.29,44.77,264.2,13,45,Q2,299.9
2019-2025,21085,"Izúcar de Matamoros","Puebla",86673,28.74,26.54,-7.7,10.78,28.84,167.7,23,25,Q2,175.3
2019-2025,21114,"Puebla","Puebla",1837080,11.79,9.85,-16.4,21.87,46.43,112.3,181,853,Q2,128.7
2019-2025,21119,"San Andrés Cholula","Puebla",176080,5.82,5.11,-12.2,8.41,26.12,210.5,9,46,Q2,222.8
2019-2025,21132,"San Martín Texmelucan","Puebla",160829,34.8,35.44,1.8,6.33,42.28,568.2,57,68,Q3,566.4
2019-2025,21140,"San Pedro Cholula","Puebla",149929,10.75,2.67,-75.2,9.32,20.68,121.9,4,31,Q2,197.1
2019-2025,21156,"Tehuacán","Puebla",338197,18.97,11.24,-40.8,12.04,66.53,452.4,38,225,Q2,493.2
2019-2025,21164,"Tepeaca","Puebla",89075,31.67,8.98,-71.6,12.9,11.23,-13,8,10,Q1,58.6
2019-2025,21197,"Xicotepec","Puebla",80189,13.38,6.24,-53.4,17.04,4.99,-70.7,5,4,Q1,-17.3
2019-2025,22006,"Corregidora","Querétaro",241136,5.18,7.05,36.1,62.18,42.71,-31.3,17,103,Q4,-67.4
2019-2025,22011,"El Marqués","Querétaro",279989,8.57,5.36,-37.5,129.97,158.22,21.7,15,443,Q2,59.3
2019-2025,22014,"Querétaro","Querétaro",1215147,8.42,5.02,-40.4,86.62,125.58,45,61,1526,Q2,85.4
2019-2025,22016,"San Juan del Río","Querétaro",319163,10.34,5.95,-42.4,85.68,84.6,-1.3,19,270,Q1,41.1
2019-2025,23002,"Felipe Carrillo Puerto","Quintana Roo",92267,11.63,10.84,-6.8,12.79,96.46,654.1,10,89,Q2,660.9
2019-2025,23004,"Othón P. Blanco","Quintana Roo",257686,11.31,6.6,-41.7,139.08,75.29,-45.9,17,194,Q1,-4.2
2019-2025,23005,"Benito Juárez","Quintana Roo",1026725,40.64,11.98,-70.5,66.32,127.01,91.5,123,1304,Q2,162
2019-2025,23008,"Solidaridad","Quintana Roo",409849,59.78,10,-83.3,84.76,192.51,127.1,41,789,Q2,210.4
2019-2025,23009,"Tulum","Quintana Roo",56143,75.17,65.9,-12.3,75.17,439.95,485.3,37,247,Q2,497.6
2019-2025,24013,"Ciudad Valles","San Luis Potosí",186366,16.46,1.61,-90.2,34.57,455.56,1217.8,3,849,Q2,1308.1
2019-2025,24020,"Matehuala","San Luis Potosí",108299,18.35,5.54,-69.8,18.35,389.66,2023.8,6,422,Q2,2093.6
2019-2025,24024,"Rioverde","San Luis Potosí",101492,14.12,4.93,-65.1,17.15,581.33,3290.2,5,590,Q2,3355.3
2019-2025,24028,"San Luis Potosí","San Luis Potosí",983736,18.48,7.62,-58.7,55.66,500.74,799.6,75,4926,Q2,858.3
2019-2025,24035,"Soledad de Graciano Sánchez","San Luis Potosí",366644,20.33,8.18,-59.7,47.83,951.06,1888.6,30,3487,Q2,1948.3
2019-2025,24050,"Villa de Reyes","San Luis Potosí",57323,20.63,5.23,-74.6,30.01,141.3,370.9,3,81,Q2,445.6
2019-2025,25001,"Ahome","Sinaloa",491376,10.53,4.07,-61.3,49.41,16.69,-66.2,20,82,Q1,-4.9
2019-2025,25006,"Culiacán","Sinaloa",1089600,45.29,79.85,76.3,20.4,15.69,-23.1,870,171,Q4,-99.4
2019-2025,25011,"Guasave","Sinaloa",295714,13.9,3.38,-75.7,3.39,4.06,19.7,10,12,Q2,95.4
2019-2025,25012,"Mazatlán","Sinaloa",522565,18.04,21.43,18.8,34.52,33.49,-3,112,175,Q4,-21.8
2019-2025,25014,"Rosario","Sinaloa",53529,22.47,16.81,-25.2,16.85,5.6,-66.7,9,3,Q1,-41.6
2019-2025,25015,"Salvador Alvarado","Sinaloa",81314,22.21,12.3,-44.6,8.64,15.99,85.1,10,13,Q2,129.7
2019-2025,26017,"Caborca","Sonora",96250,35.49,37.4,5.4,475.74,203.64,-57.2,36,196,Q4,-62.6
2019-2025,26018,"Cajeme","Sonora",453062,73.7,81,9.9,47.78,278.77,483.4,367,1263,Q3,473.5
2019-2025,26025,"Empalme","Sonora",52096,130.29,13.44,-89.7,94.41,51.83,-45.1,7,27,Q1,44.6
2019-2025,26029,"Guaymas","Sonora",161039,66.96,9.31,-86.1,57.57,91.9,59.6,15,148,Q2,145.7
2019-2025,26030,"Hermosillo","Sonora",1028894,23.92,24.69,3.2,61.49,246.67,301.2,254,2538,Q3,298
2019-2025,26042,"Navojoa","Sonora",170577,10.17,7.03,-30.8,2.99,29.9,899.7,12,51,Q2,930.5
2019-2025,26043,"Nogales","Sonora",291698,29.49,21.6,-26.8,10.21,71.99,605.2,63,210,Q2,632
2019-2025,26055,"San Luis Río Colorado","Sonora",213148,48.61,86.32,77.6,81.35,194.23,138.8,184,414,Q3,61.2
2019-2025,27002,"Cárdenas","Tabasco",245295,21.25,30.17,42,13.63,13.05,-4.3,74,32,Q4,-46.3
2019-2025,27004,"Centro","Tabasco",698755,30.63,39.64,29.4,25.45,129.09,407.2,277,902,Q3,377.8
2019-2025,27005,"Comalcalco","Tabasco",225137,18.47,37.75,104.4,10.62,31.09,192.7,85,70,Q3,88.3
2019-2025,27006,"Cunduacán","Tabasco",139220,23.61,40.94,73.4,12.16,16.52,35.8,57,23,Q3,-37.6
2019-2025,27008,"Huimanguillo","Tabasco",197788,55.2,26.8,-51.5,6.19,15.17,145,53,30,Q2,196.5
2019-2025,27013,"Nacajuca","Tabasco",162318,7.95,26.49,233.4,9.27,6.16,-33.5,43,10,Q4,-267
2019-2025,27014,"Paraíso","Tabasco",100087,8.16,28.97,255.1,7.14,35.97,403.8,29,36,Q3,148.7
2019-2025,27016,"Teapa","Tabasco",60111,8.38,26.62,217.8,10.05,16.64,65.5,16,10,Q3,-152.3
2019-2025,27017,"Tenosique","Tabasco",66620,20.63,27.02,31,61.9,9.01,-85.4,18,6,Q4,-116.4
2019-2025,28003,"Altamira","Tamaulipas",293020,7.44,3.41,-54.1,3.35,5.12,52.9,10,15,Q2,107.1
2019-2025,28021,"El Mante","Tamaulipas",112505,36.53,0.89,-97.6,7.31,37.33,411,1,42,Q2,508.6
2019-2025,28022,"Matamoros","Tamaulipas",582214,9.85,5.5,-44.2,9.3,17.35,86.5,32,101,Q2,130.7
2019-2025,28027,"Nuevo Laredo","Tamaulipas",459021,11.66,1.74,-85.1,7,7.19,2.7,8,33,Q2,87.8
2019-2025,28032,"Reynosa","Tamaulipas",778947,29.8,9.89,-66.8,8.33,18.61,123.4,77,145,Q2,190.2
2019-2025,28033,"Río Bravo","Tamaulipas",143811,11.94,5.56,-53.4,8.96,56.32,528.9,8,81,Q2,582.3
2019-2025,28038,"Tampico","Tamaulipas",304253,4.26,0.99,-76.9,10.49,4.93,-53,3,15,Q1,23.9
2019-2025,28041,"Victoria","Tamaulipas",366665,33.77,8.18,-75.8,27.3,26.45,-3.1,30,97,Q1,72.7
2019-2025,29005,"Apizaco","Tlaxcala",83966,13.42,4.76,-64.5,17.08,22.63,32.5,4,19,Q2,97
2019-2025,29010,"Chiautempan","Tlaxcala",77175,6.74,9.07,34.5,31.02,6.48,-79.1,7,5,Q4,-113.6
2019-2025,29033,"Tlaxcala","Tlaxcala",106410,9.89,2.82,-71.5,32.64,17.86,-45.3,3,19,Q1,26.2
2019-2025,30003,"Acayucan","Veracruz",79085,47.05,18.97,-59.7,38.61,56.9,47.4,15,45,Q2,107.1
2019-2025,30010,"Altotonga","Veracruz",64375,39.76,7.77,-80.5,12.23,38.83,217.4,5,25,Q2,297.9
2019-2025,30028,"Boca del Río","Veracruz",148107,6.83,4.73,-30.8,28.69,22.96,-20,7,34,Q1,10.8
2019-2025,30038,"Coatepec","Veracruz",96178,21.04,10.4,-50.6,67.32,45.75,-32,10,44,Q1,18.5
2019-2025,30039,"Coatzacoalcos","Veracruz",310767,33.17,14.8,-55.4,24.64,93.96,281.3,46,292,Q2,336.7
2019-2025,30044,"Córdoba","Veracruz",207490,24.81,13.01,-47.5,18.61,69.4,273,27,144,Q2,320.5
2019-2025,30048,"Cosoleacaque","Veracruz",133308,28.64,7.5,-73.8,12.81,33.76,163.5,10,45,Q2,237.3
2019-2025,30061,"Las Choapas","Veracruz",80818,41.26,8.66,-79,10.92,105.17,863,7,85,Q2,942
2019-2025,30065,"Emiliano Zapata","Veracruz",94324,18.68,14.84,-20.5,16.34,45.59,179,14,43,Q2,199.5
2019-2025,30068,"Fortín","Veracruz",68330,41.58,7.32,-82.4,13.36,27.81,108.1,5,19,Q2,190.5
2019-2025,30085,"Ixtaczoquitlán","Veracruz",76204,13.45,6.56,-51.2,13.45,19.68,46.3,5,15,Q2,97.5
2019-2025,30087,"Xalapa","Veracruz",500266,14.35,4.2,-70.7,37.79,75.76,100.5,21,379,Q2,171.2
2019-2025,30102,"Martínez de la Torre","Veracruz",108995,38.84,39.45,1.6,41.55,72.48,74.4,43,79,Q3,72.9
2019-2025,30108,"Minatitlán","Veracruz",137182,41.72,13.12,-68.5,14.8,54.67,269.3,18,75,Q2,337.9
2019-2025,30109,"Misantla","Veracruz",67873,21.04,7.37,-65,22.55,38.31,69.9,5,26,Q2,134.9
2019-2025,30118,"Orizaba","Veracruz",120904,8.77,5.79,-34,27.9,52.11,86.7,7,63,Q2,120.7
2019-2025,30123,"Pánuco","Veracruz",94055,22.4,1.06,-95.3,8.14,25.52,213.3,1,24,Q2,308.6
2019-2025,30124,"Papantla","Veracruz",159782,25.23,15.65,-38,16.62,46.31,178.7,25,74,Q2,216.7
2019-2025,30128,"Perote","Veracruz",79819,6.42,8.77,36.6,8.99,121.52,1252.4,7,97,Q3,1215.8
2019-2025,30131,"Poza Rica de Hidalgo","Veracruz",189227,12.9,8.98,-30.4,28.39,44.92,58.2,17,85,Q2,88.6
2019-2025,30141,"San Andrés Tuxtla","Veracruz",162123,6.05,4.32,-28.7,15.13,39.48,160.9,7,64,Q2,189.6
2019-2025,30143,"Santiago Tuxtla","Veracruz",57082,15.52,7.01,-54.8,17.24,19.27,11.8,4,11,Q2,66.6
2019-2025,30160,"Álamo Temapache","Veracruz",110831,18.43,19.85,7.7,15.67,49.63,216.8,22,55,Q3,209.1
2019-2025,30174,"Tierra Blanca","Veracruz",93831,23.37,2.13,-90.9,6.1,20.25,232.1,2,19,Q2,323
2019-2025,30175,"Tihuatlán","Veracruz",91764,21.13,2.18,-89.7,14.79,38.14,157.8,2,35,Q2,247.5
2019-2025,30189,"Tuxpan","Veracruz",148280,11.4,26.3,130.7,22.8,76.21,234.3,39,113,Q3,103.5
2019-2025,30193,"Veracruz","Veracruz",625920,11.67,3.04,-74,16.7,36.91,121,19,231,Q2,195
2019-2025,31050,"Mérida","Yucatán",1087930,1.8,1.29,-28.7,30.88,18.29,-40.8,14,199,Q1,-12.1
2019-2025,32010,"Fresnillo","Zacatecas",258315,39.96,8.13,-79.7,69.62,37.16,-46.6,21,96,Q1,33
2019-2025,32017,"Guadalupe","Zacatecas",239769,36.94,4.17,-88.7,51.62,65.06,26,10,156,Q2,114.7
2019-2025,32024,"Loreto","Zacatecas",55736,22.02,8.97,-59.3,18.35,5.38,-70.7,5,3,Q1,-11.4
2019-2025,32039,"Río Grande","Zacatecas",66725,21.4,0,-100,16.81,3,-82.2,0,2,Q1,17.8
2019-2025,32042,"Sombrerete","Zacatecas",65929,15.51,7.58,-51.1,41.89,3.03,-92.8,5,2,Q1,-41.6
2019-2025,32056,"Zacatecas","Zacatecas",156095,30.39,3.84,-87.4,89.19,108.27,21.4,6,169,Q2,108.7
2023-2025,01001,"Aguascalientes","Aguascalientes",1029221,3.98,3.98,0,152.21,206.47,35.6,41,2125,Q3,35.6
2023-2025,01005,"Jesús María","Aguascalientes",141363,10.16,10.61,4.4,172.73,227.07,31.5,15,321,Q3,27
2023-2025,01011,"San Francisco de los Romo","Aguascalientes",76129,14.07,6.57,-53.3,201.24,84.07,-58.2,5,64,Q1,-4.9
2023-2025,02001,"Ensenada","Baja California",468460,22.59,20.07,-11.2,296.46,373.35,25.9,94,1749,Q2,37.1
2023-2025,02002,"Mexicali","Baja California",1092460,16.85,15.93,-5.5,97.31,111.31,14.4,174,1216,Q2,19.9
2023-2025,02003,"Tecate","Baja California",113824,96.23,51.83,-46.1,179.98,231.94,28.9,59,264,Q2,75
2023-2025,02004,"Tijuana","Baja California",2151740,79.02,49.87,-36.9,305.43,229.12,-25,1073,4930,Q1,11.9
2023-2025,02005,"Playas de Rosarito","Baja California",150975,40.76,35.77,-12.2,649.3,280.84,-56.7,54,424,Q1,-44.5
2023-2025,02006,"San Quintín","Baja California",133471,17.16,37.46,118.3,46.02,50.2,9.1,50,67,Q3,-109.2
2023-2025,03003,"La Paz","Baja California Sur",321359,2.89,4.67,61.8,77.59,79.66,2.7,15,256,Q3,-59.1
2023-2025,03008,"Los Cabos","Baja California Sur",422164,2.52,4.97,97.2,122.85,174.81,42.3,21,738,Q3,-54.9
2023-2025,04002,"Campeche","Campeche",303331,6.65,7.91,19,58.83,89.01,51.3,24,270,Q3,32.3
2023-2025,04003,"Carmen","Campeche",258853,12.13,10.04,-17.2,45.37,38.63,-14.9,26,100,Q1,2.3
2023-2025,04004,"Champotón","Campeche",80023,17.59,21.24,20.8,40.2,37.49,-6.7,17,30,Q4,-27.5
2023-2025,04009,"Escárcega","Campeche",61009,16.45,9.83,-40.2,26.31,26.23,-0.3,6,16,Q1,39.9
2023-2025,05018,"Monclova","Coahuila",248394,4.48,2.01,-55.1,240.75,113.13,-53,5,281,Q1,2.1
2023-2025,05025,"Piedras Negras","Coahuila",192408,5.35,6.76,26.4,408,337.3,-17.3,13,649,Q4,-43.7
2023-2025,05027,"Ramos Arizpe","Coahuila",144915,6.58,2.07,-68.5,175.34,40.02,-77.2,3,58,Q1,-8.7
2023-2025,05030,"Saltillo","Coahuila",979001,2.75,1.33,-51.8,231.85,70.79,-69.5,13,693,Q1,-17.7
2023-2025,05035,"Torreón","Coahuila",776036,1.85,2.06,11.6,294.82,254.24,-13.8,16,1973,Q4,-25.4
2023-2025,06002,"Colima","Colima",164746,159.21,83.77,-47.4,325.8,216.7,-33.5,138,357,Q1,13.9
2023-2025,06007,"Manzanillo","Colima",202070,109.11,119.27,9.3,599.33,624.54,4.2,241,1262,Q3,-5.1
2023-2025,06009,"Tecomán","Colima",117990,61.93,11.87,-80.8,335.11,568.69,69.7,14,671,Q2,150.5
2023-2025,06010,"Villa de Álvarez","Colima",160808,86.99,55.97,-35.7,111.12,74,-33.4,90,119,Q1,2.3
2023-2025,07027,"Chiapa de Corzo","Chiapas",131416,8.8,3.8,-56.8,4.8,14.46,201.2,5,19,Q2,258
2023-2025,07040,"Huixtla","Chiapas",55273,16.36,18.09,10.6,12.73,101.32,696.1,10,56,Q3,685.6
2023-2025,07059,"Ocosingo","Chiapas",263945,4.71,1.89,-59.7,5.49,7.58,38,5,20,Q2,97.8
2023-2025,07061,"Ocozocoautla de Espinosa","Chiapas",110029,17.9,8.18,-54.3,5.65,29.08,414.4,9,32,Q2,468.7
2023-2025,07065,"Palenque","Chiapas",149250,10.41,6.03,-42.1,27.77,26.8,-3.5,9,40,Q1,38.6
2023-2025,07078,"San Cristóbal de las Casas","Chiapas",232704,8.32,3.44,-58.7,12.26,61.45,401.4,8,143,Q2,460.1
2023-2025,07089,"Tapachula","Chiapas",375641,17.79,12.25,-31.2,18.33,68.68,274.6,46,258,Q2,305.8
2023-2025,07097,"Tonalá","Chiapas",97722,10.37,2.05,-80.3,12.44,21.49,72.7,2,21,Q2,153
2023-2025,07101,"Tuxtla Gutiérrez","Chiapas",636678,5.39,3.3,-38.8,15.54,45.23,191,21,288,Q2,229.9
2023-2025,08017,"Cuauhtémoc","Chihuahua",196633,61.62,42.72,-30.7,86.68,188.17,117.1,84,370,Q2,147.8
2023-2025,08019,"Chihuahua","Chihuahua",1028306,31.34,26.65,-15,71.19,132.94,86.7,274,1367,Q2,101.7
2023-2025,08021,"Delicias","Chihuahua",156678,14.18,7.66,-46,18.69,11.49,-38.5,12,18,Q1,7.5
2023-2025,08032,"Hidalgo del Parral","Chihuahua",127636,7.25,5.48,-24.4,143.45,120.66,-15.9,7,154,Q1,8.5
2023-2025,08037,"Juárez","Chihuahua",1661295,61.2,46.65,-23.8,127.29,108.23,-15,775,1798,Q1,8.8
2023-2025,09002,"Azcapotzalco","Ciudad de México",444246,7.71,7.43,-3.6,31.73,59.88,88.7,33,266,Q2,92.3
2023-2025,09003,"Coyoacán","Ciudad de México",602223,4.11,3.82,-7,32.86,46.99,43,23,283,Q2,50
2023-2025,09004,"Cuajimalpa de Morelos","Ciudad de México",226484,2.68,4.86,81.3,29.92,36.65,22.5,11,83,Q3,-58.8
2023-2025,09005,"Gustavo A. Madero","Ciudad de México",1149481,9.99,6.7,-32.9,42.01,66.46,58.2,77,764,Q2,91.1
2023-2025,09006,"Iztacalco","Ciudad de México",399570,7.2,6.51,-9.6,48.4,81.84,69.1,26,327,Q2,78.7
2023-2025,09007,"Iztapalapa","Ciudad de México",1800823,8.91,9.77,9.7,66.53,86.18,29.5,176,1552,Q3,19.8
2023-2025,09008,"La Magdalena Contreras","Ciudad de México",246866,4.84,8.1,67.3,20.18,29.98,48.6,20,74,Q3,-18.7
2023-2025,09009,"Milpa Alta","Ciudad de México",159421,8.89,9.41,5.8,72.41,43.91,-39.4,15,70,Q4,-45.2
2023-2025,09010,"Álvaro Obregón","Ciudad de México",771231,7.42,7.39,-0.4,67.42,54.98,-18.5,57,424,Q1,-18.1
2023-2025,09011,"Tláhuac","Ciudad de México",394188,12.15,8.63,-29,48.85,69,41.3,34,272,Q2,70.3
2023-2025,09012,"Tlalpan","Ciudad de México",712863,8.59,6.73,-21.6,23.81,37.17,56.1,48,265,Q2,77.8
2023-2025,09013,"Xochimilco","Ciudad de México",442569,6.98,9.26,32.7,34.45,42.71,24,41,189,Q3,-8.8
2023-2025,09014,"Benito Juárez","Ciudad de México",444684,1.58,1.8,13.6,19.24,37.78,96.4,8,168,Q3,82.8
2023-2025,09015,"Cuauhtémoc","Ciudad de México",535550,14.41,13.26,-8,133.78,398.47,197.8,71,2134,Q2,205.9
2023-2025,09016,"Miguel Hidalgo","Ciudad de México",415716,5.75,7.7,33.9,40.72,64.47,58.3,32,268,Q3,24.4
2023-2025,09017,"Venustiano Carranza","Ciudad de México",437743,12.46,15.31,22.9,87.42,127.93,46.3,67,560,Q3,23.5
2023-2025,10005,"Durango","Durango",733138,3.34,2.73,-18.2,25.3,26.33,4,20,193,Q2,22.3
2023-2025,10007,"Gómez Palacio","Durango",396385,1.54,1.77,14.6,118.15,134.72,14,7,534,Q3,-0.6
2023-2025,11001,"Abasolo","Guanajuato",95411,26.46,12.58,-52.5,61.39,40.88,-33.4,12,39,Q1,19.1
2023-2025,11002,"Acámbaro","Guanajuato",109444,31.95,34.72,8.7,157.03,282.34,79.8,38,309,Q3,71.1
2023-2025,11003,"San Miguel de Allende","Guanajuato",178876,28.65,40.25,40.5,211.76,207.97,-1.8,72,372,Q4,-42.3
2023-2025,11004,"Apaseo el Alto","Guanajuato",62826,30.06,68.44,127.7,107.58,120.97,12.4,43,76,Q3,-115.3
2023-2025,11005,"Apaseo el Grande","Guanajuato",131094,40.97,49.58,21,126.85,96.88,-23.6,65,127,Q4,-44.6
2023-2025,11007,"Celaya","Guanajuato",557405,67.81,42.88,-36.8,151.37,141.91,-6.3,239,791,Q1,30.5
2023-2025,11009,"Comonfort","Guanajuato",82417,30.23,19.41,-35.8,94.31,71.59,-24.1,16,59,Q1,11.7
2023-2025,11011,"Cortazar","Guanajuato",101599,37.77,19.69,-47.9,208.75,157.48,-24.6,20,160,Q1,23.3
2023-2025,11014,"Dolores Hidalgo Cuna de la Independencia Nacional","Guanajuato",176767,12.2,16.97,39.2,78.98,117.1,48.3,30,207,Q3,9.1
2023-2025,11015,"Guanajuato","Guanajuato",207532,14.75,12.53,-15.1,151.43,202.86,34,26,421,Q2,49
2023-2025,11017,"Irapuato","Guanajuato",617848,35.19,38.2,8.5,89.37,208.14,132.9,236,1286,Q3,124.4
2023-2025,11020,"León","Guanajuato",1877296,42.58,22.16,-48,842.93,829.6,-1.6,416,15574,Q1,46.4
2023-2025,11023,"Pénjamo","Guanajuato",160941,45.81,43.49,-5.1,175.09,137.32,-21.6,70,221,Q1,-16.5
2023-2025,11025,"Purísima del Rincón","Guanajuato",89013,61.78,25.84,-58.2,58.35,103.36,77.1,23,92,Q2,135.3
2023-2025,11027,"Salamanca","Guanajuato",275473,68.87,72.97,6,89.16,166.99,87.3,201,460,Q3,81.3
2023-2025,11028,"Salvatierra","Guanajuato",93715,117.9,74.69,-36.6,248.56,123.78,-50.2,70,116,Q1,-13.6
2023-2025,11030,"San Felipe","Guanajuato",128254,10.36,18.71,80.7,59.75,138.79,132.3,24,178,Q3,51.6
2023-2025,11031,"San Francisco del Rincón","Guanajuato",141216,52.22,31.87,-39,116.77,97.01,-16.9,45,137,Q1,22.1
2023-2025,11032,"San José Iturbide","Guanajuato",99602,22.87,15.06,-34.2,133.09,103.41,-22.3,15,103,Q1,11.9
2023-2025,11033,"San Luis de la Paz","Guanajuato",137626,24.5,15.26,-37.7,97.99,127.88,30.5,21,176,Q2,68.2
2023-2025,11035,"Santa Cruz de Juventino Rosas","Guanajuato",82155,31.48,40.17,27.6,139.25,63.29,-54.5,33,52,Q4,-82.1
2023-2025,11037,"Silao de la Victoria","Guanajuato",221116,17.65,16.73,-5.2,113.36,132.96,17.3,37,294,Q2,22.5
2023-2025,11041,"Uriangato","Guanajuato",60589,13.07,8.25,-36.9,63.73,136.99,114.9,5,83,Q2,151.8
2023-2025,11042,"Valle de Santiago","Guanajuato",155034,68.24,78.69,15.3,111.78,96.11,-14,122,149,Q4,-29.3
2023-2025,11044,"Villagrán","Guanajuato",70616,21.7,43.9,102.3,219.87,143.03,-34.9,31,101,Q4,-137.3
2023-2025,11046,"Yuriria","Guanajuato",69015,30.35,36.22,19.3,65.04,142,118.3,25,98,Q3,99
2023-2025,12001,"Acapulco de Juárez","Guerrero",787976,57.29,61.04,6.5,53.24,75.89,42.6,481,598,Q3,36
2023-2025,12029,"Chilpancingo de los Bravo","Guerrero",297436,46.61,31.27,-32.9,52.73,50.43,-4.4,93,150,Q1,28.6
2023-2025,12035,"Iguala de la Independencia","Guerrero",158431,122.28,29.67,-75.7,36.75,36.61,-0.4,47,58,Q1,75.4
2023-2025,12038,"Zihuatanejo de Azueta","Guerrero",128977,76.17,64.35,-15.5,64.51,31.01,-51.9,83,40,Q1,-36.4
2023-2025,12046,"Ometepec","Guerrero",69497,33.11,38.85,17.3,14.4,15.83,9.9,27,11,Q3,-7.4
2023-2025,12055,"Taxco de Alarcón","Guerrero",105242,32.07,0,-100,13.21,7.6,-42.4,0,8,Q1,57.6
2023-2025,12066,"Tlapa de Comonfort","Guerrero",103878,38.39,30.81,-19.8,43.31,13.48,-68.9,32,14,Q1,-49.1
2023-2025,12075,"Eduardo Neri","Guerrero",54814,25.67,12.77,-50.2,38.5,29.19,-24.2,7,16,Q1,26.1
2023-2025,13013,"Atotonilco de Tula","Hidalgo",73956,19.95,6.76,-66.1,37.04,36.51,-1.4,5,27,Q1,64.7
2023-2025,13016,"Cuautepec de Hinojosa","Hidalgo",63544,15.99,9.44,-41,55.98,22.03,-60.6,6,14,Q1,-19.7
2023-2025,13048,"Pachuca de Soto","Hidalgo",354992,2.94,5.35,82.3,67.84,77.75,14.6,19,276,Q3,-67.6
2023-2025,13063,"Tepeji del Río de Ocampo","Hidalgo",96283,8.48,10.39,22.5,27.55,25.97,-5.8,10,25,Q4,-28.3
2023-2025,13069,"Tizayuca","Hidalgo",200703,10.05,8.97,-10.8,43.91,46.84,6.7,18,94,Q2,17.4
2023-2025,13076,"Tula de Allende","Hidalgo",120950,19.31,36.38,88.4,45.34,54.57,20.4,44,66,Q3,-68
2023-2025,13077,"Tulancingo de Bravo","Hidalgo",177213,2.87,10.16,254.2,31.55,46.84,48.5,18,83,Q3,-205.7
2023-2025,14035,"Encarnación de Díaz","Jalisco",53788,26.03,13.01,-50,31.61,22.31,-29.4,7,12,Q1,20.6
2023-2025,14039,"Guadalajara","Jalisco",1383955,17.42,10.77,-38.2,50.02,54.19,8.3,149,750,Q2,46.5
2023-2025,14044,"Ixtlahuacán de los Membrillos","Jalisco",82631,15.51,7.26,-53.2,45.23,16.94,-62.5,6,14,Q1,-9.4
2023-2025,14050,"Jocotepec","Jalisco",50353,26.34,3.97,-84.9,12.16,13.9,14.4,2,7,Q2,99.3
2023-2025,14053,"Lagos de Moreno","Jalisco",182927,25.02,10.93,-56.3,32.8,34.99,6.7,20,64,Q2,63
2023-2025,14067,"Puerto Vallarta","Jalisco",311018,7.86,4.82,-38.6,14.41,17.68,22.7,15,55,Q2,61.4
2023-2025,14070,"El Salto","Jalisco",294703,26.51,14.93,-43.7,20.25,27.49,35.7,44,81,Q2,79.4
2023-2025,14083,"Tala","Jalisco",96477,10.68,4.15,-61.2,10.68,43.53,307.5,4,42,Q2,368.7
2023-2025,14093,"Tepatitlán de Morelos","Jalisco",157910,7.7,1.9,-75.3,15.4,10.13,-34.2,3,16,Q1,41.1
2023-2025,14097,"Tlajomulco de Zúñiga","Jalisco",829928,31.39,17.35,-44.7,48.59,75.43,55.2,144,626,Q2,100
2023-2025,14098,"San Pedro Tlaquepaque","Jalisco",732507,39.24,27.99,-28.7,29.08,54.61,87.8,205,400,Q2,116.5
2023-2025,14101,"Tonalá","Jalisco",609974,14.88,15.41,3.5,50.84,30.17,-40.7,94,184,Q4,-44.2
2023-2025,14120,"Zapopan","Jalisco",1597906,12.12,6.76,-44.2,14.94,25.41,70,108,406,Q2,114.3
2023-2025,14124,"Zapotlanejo","Jalisco",65286,10.71,7.66,-28.5,26,9.19,-64.7,5,6,Q1,-36.2
2023-2025,15002,"Acolman","México",189927,8.18,7.37,-9.9,10.9,15.8,44.9,14,30,Q2,54.7
2023-2025,15005,"Almoloya de Juárez","México",170861,11.57,7.61,-34.2,37.6,19.9,-47.1,13,34,Q1,-12.8
2023-2025,15011,"Atenco","México",86515,12.11,2.31,-80.9,12.11,13.87,14.5,2,12,Q2,95.4
2023-2025,15013,"Atizapán de Zaragoza","México",527700,7.77,5.5,-29.2,34.48,33.16,-3.8,29,175,Q1,25.4
2023-2025,15018,"Calimaya","México",74112,11.05,5.4,-51.2,30.39,25.64,-15.6,4,19,Q1,35.5
2023-2025,15020,"Coacalco de Berriozábal","México",299915,13.73,8,-41.7,21.1,23.67,12.2,24,71,Q2,53.9
2023-2025,15024,"Cuautitlán","México",199518,14.03,3.51,-75,55.1,25.56,-53.6,7,51,Q1,21.4
2023-2025,15025,"Chalco","México",449848,14.11,14.45,2.4,43.25,34.01,-21.4,65,153,Q4,-23.8
2023-2025,15029,"Chicoloapan","México",194947,10.11,10.77,6.6,23.25,33.86,45.6,21,66,Q3,39
2023-2025,15031,"Chimalhuacán","México",725023,20,7.45,-62.8,41.25,44.96,9,54,326,Q2,71.8
2023-2025,15033,"Ecatepec de Morelos","México",1661406,13.26,7.76,-41.5,50.77,34.85,-31.4,129,579,Q1,10.1
2023-2025,15035,"Huehuetoca","México",206810,17.91,6.77,-62.2,35.82,29.5,-17.6,14,61,Q1,44.6
2023-2025,15037,"Huixquilucan","México",300919,8.45,4.32,-48.9,28.39,10.3,-63.7,13,31,Q1,-14.8
2023-2025,15039,"Ixtapaluca","México",575208,9.92,3.82,-61.4,31.87,37.03,16.2,22,213,Q2,77.6
2023-2025,15045,"Jilotepec","México",88012,9.08,6.82,-24.9,26.09,21.59,-17.3,6,19,Q1,7.6
2023-2025,15051,"Lerma","México",186308,6.63,3.76,-43.3,44.19,16.1,-63.6,7,30,Q1,-20.2
2023-2025,15053,"Melchor Ocampo","México",65113,23.5,9.21,-60.8,26.63,32.25,21.1,6,21,Q2,81.9
2023-2025,15054,"Metepec","México",255796,4.37,3.91,-10.6,63.61,19.16,-69.9,10,49,Q1,-59.3
2023-2025,15057,"Naucalpan de Juárez","México",827125,14.78,9.07,-38.7,34.38,36.75,6.9,75,304,Q2,45.6
2023-2025,15058,"Nezahualcóyotl","México",1105861,9.01,4.61,-48.8,59.7,61.4,2.9,51,679,Q2,51.7
2023-2025,15059,"Nextlalpan","México",68648,17.04,13.11,-23.1,38.73,48.07,24.1,9,33,Q2,47.2
2023-2025,15060,"Nicolás Romero","México",460356,15.55,12.82,-17.6,25.55,36.28,42,59,167,Q2,59.6
2023-2025,15062,"Ocoyoacac","México",76580,14.63,9.14,-37.5,41.23,33.95,-17.7,7,26,Q1,19.9
2023-2025,15070,"La Paz","México",311981,19.67,5.77,-70.7,37.41,40.39,8,18,126,Q2,78.6
2023-2025,15081,"Tecámac","México",616254,11.31,6.65,-41.2,31.24,26.45,-15.3,41,163,Q1,25.9
2023-2025,15087,"Temoaya","México",106651,7.5,7.5,0,29.05,22.5,-22.5,8,24,Q4,-22.6
2023-2025,15088,"Tenancingo","México",110619,10.12,4.52,-55.3,88.31,45.2,-48.8,5,50,Q1,6.5
2023-2025,15091,"Teoloyucan","México",65389,79.27,30.59,-61.4,51.83,36.7,-29.2,20,24,Q1,32.2
2023-2025,15092,"Teotihuacán","México",60457,18.37,16.54,-9.9,35.06,18.19,-48.1,10,11,Q1,-38.2
2023-2025,15095,"Tepotzotlán","México",110560,17.54,13.57,-22.6,39.69,32.56,-18,15,36,Q1,4.7
2023-2025,15099,"Texcoco","México",296882,8.94,5.39,-39.7,23.72,33.68,42,16,100,Q2,81.7
2023-2025,15100,"Tezoyuca","México",53312,19.59,7.5,-61.7,27.43,16.88,-38.5,4,9,Q1,23.2
2023-2025,15103,"Tlalmanalco","México",50619,13.93,11.85,-14.9,59.69,47.41,-20.6,6,24,Q1,-5.7
2023-2025,15104,"Tlalnepantla de Baz","México",698129,18.29,10.31,-43.6,38.62,42.4,9.8,72,296,Q2,53.4
2023-2025,15106,"Toluca","México",950406,5.11,2.84,-44.5,71.92,36.62,-49.1,27,348,Q1,-4.6
2023-2025,15108,"Tultepec","México",164131,22.81,21.32,-6.5,54.24,29.85,-45,35,49,Q1,-38.5
2023-2025,15109,"Tultitlán","México",519891,21.72,10.58,-51.3,40.56,39.05,-3.7,55,203,Q1,47.6
2023-2025,15113,"Villa Guerrero","México",71752,19.73,4.18,-78.8,46.51,39.02,-16.1,3,28,Q1,62.7
2023-2025,15118,"Zinacantepec","México",218530,8.43,5.95,-29.4,37.44,25.63,-31.6,13,56,Q1,-2.2
2023-2025,15120,"Zumpango","México",319152,26.41,10.34,-60.9,37.17,27.57,-25.8,33,88,Q1,35
2023-2025,15121,"Cuautitlán Izcalli","México",575506,11.41,12.34,8.1,39.49,38.92,-1.4,71,224,Q4,-9.6
2023-2025,15122,"Valle de Chalco Solidaridad","México",382565,13.42,8.1,-39.6,33.3,26.4,-20.7,31,101,Q1,18.9
2023-2025,16006,"Apatzingán","Michoacán",127957,75.91,95.34,25.6,64.95,52.36,-19.4,122,67,Q4,-45
2023-2025,16034,"Hidalgo","Michoacán",132050,26.89,9.84,-63.4,49.94,9.09,-81.8,13,12,Q1,-18.4
2023-2025,16043,"Jacona","Michoacán",69921,97.48,78.66,-19.3,161.98,240.27,48.3,55,168,Q2,67.6
2023-2025,16050,"Maravatío","Michoacán",93018,30.45,5.38,-82.3,78.3,13.98,-82.2,5,13,Q1,0.2
2023-2025,16052,"Lázaro Cárdenas","Michoacán",217244,15.73,7.83,-50.3,15.73,34.52,119.5,17,75,Q2,169.7
2023-2025,16053,"Morelia","Michoacán",918637,28.57,17.31,-39.4,83.38,83.17,-0.3,159,764,Q1,39.2
2023-2025,16066,"Pátzcuaro","Michoacán",106234,18.33,16,-12.7,36.67,77.19,110.5,17,82,Q2,123.2
2023-2025,16069,"La Piedad","Michoacán",112811,5.41,5.32,-1.8,10.83,23.93,121,6,27,Q2,122.8
2023-2025,16071,"Puruándiro","Michoacán",71512,14.09,18.18,29,33.82,26.57,-21.4,13,19,Q4,-50.4
2023-2025,16075,"Los Reyes","Michoacán",88774,7.03,7.89,12.2,7.03,7.89,12.2,7,7,Q3,0
2023-2025,16076,"Sahuayo","Michoacán",83110,42.87,1.2,-97.2,18.37,25.27,37.5,1,21,Q2,134.7
2023-2025,16082,"Tacámbaro","Michoacán",87150,16.57,11.47,-30.8,22.49,21.8,-3.1,10,19,Q1,27.7
2023-2025,16088,"Tarímbaro","Michoacán",128967,33.12,34.12,3,30.7,24.04,-21.7,44,31,Q4,-24.7
2023-2025,16102,"Uruapan","Michoacán",389723,53.63,35.67,-33.5,99.61,87.75,-11.9,139,342,Q1,21.6
2023-2025,16108,"Zamora","Michoacán",220842,91.41,77.43,-15.3,167.5,151.69,-9.4,171,335,Q1,5.9
2023-2025,16112,"Zitácuaro","Michoacán",154483,12.18,7.77,-36.2,84.59,29.13,-65.6,12,45,Q1,-29.4
2023-2025,17004,"Ayala","Morelos",94259,64.58,29.71,-54,21.53,43.5,102.1,28,41,Q2,156.1
2023-2025,17006,"Cuautla","Morelos",193868,103.32,56.74,-45.1,94.45,269.26,185.1,110,522,Q2,230.2
2023-2025,17007,"Cuernavaca","Morelos",392952,52.72,32.06,-39.2,36.78,51.66,40.5,126,203,Q2,79.6
2023-2025,17008,"Emiliano Zapata","Morelos",115981,76.15,68.98,-9.4,12.4,37.08,199.1,80,43,Q2,208.5
2023-2025,17011,"Jiutepec","Morelos",222503,39.92,32.81,-17.8,12.25,22.92,87.1,73,51,Q2,104.9
2023-2025,17012,"Jojutla","Morelos",58449,77.09,53.04,-31.2,130.2,212.15,62.9,31,124,Q2,94.1
2023-2025,17018,"Temixco","Morelos",127681,76.93,80.67,4.9,13.48,24.28,80.1,103,31,Q3,75.2
2023-2025,17024,"Tlaltizapán de Zapata","Morelos",53781,61.77,39.05,-36.8,41.18,72.52,76.1,21,39,Q2,112.9
2023-2025,17028,"Xochitepec","Morelos",78423,59.88,43.35,-27.6,18.22,20.4,11.9,34,16,Q2,39.5
2023-2025,17029,"Yautepec","Morelos",108567,98.23,57.11,-41.9,45.41,72.77,60.2,62,79,Q2,102.1
2023-2025,17030,"Yecapixtla","Morelos",60133,39.13,49.89,27.5,47.64,76.5,60.6,30,46,Q3,33.1
2023-2025,18017,"Tepic","Nayarit",453486,6.98,5.95,-14.7,171.27,88.65,-48.2,27,402,Q1,-33.6
2023-2025,19006,"Apodaca","Nuevo León",747838,11.34,7.62,-32.8,114.67,123.42,7.6,57,923,Q2,40.4
2023-2025,19009,"Cadereyta Jiménez","Nuevo León",140444,11.84,9.97,-15.8,59.19,62.66,5.9,14,88,Q2,21.7
2023-2025,19010,"El Carmen","Nuevo León",139237,26.52,12.21,-54,71.77,231.98,223.2,17,323,Q2,277.2
2023-2025,19012,"Ciénega de Flores","Nuevo León",92740,50.05,8.63,-82.8,97.72,250.16,156,8,232,Q2,238.8
2023-2025,19018,"García","Nuevo León",495731,24.32,16.74,-31.1,46.68,123.86,165.3,83,614,Q2,196.5
2023-2025,19019,"San Pedro Garza García","Nuevo León",123389,13.21,0,-100,45.84,45.38,-1,0,56,Q1,99
2023-2025,19021,"General Escobedo","Nuevo León",546301,13.96,9.15,-34.5,77.46,73.77,-4.8,50,403,Q1,29.7
2023-2025,19025,"General Zuazua","Nuevo León",135033,22.71,8.89,-60.9,51.9,99.24,91.2,12,134,Q2,152.1
2023-2025,19026,"Guadalupe","Nuevo León",665553,23.4,8.41,-64,376.54,101.57,-73,56,676,Q1,-9
2023-2025,19031,"Juárez","Nuevo León",560836,31.72,11.59,-63.5,103.85,153.7,48,65,862,Q2,111.5
2023-2025,19033,"Linares","Nuevo León",82176,30.82,25.55,-17.1,105.5,90.05,-14.6,21,74,Q1,2.4
2023-2025,19038,"Montemorelos","Nuevo León",72650,29.44,20.65,-29.9,245.31,46.8,-80.9,15,34,Q1,-51.1
2023-2025,19039,"Monterrey","Nuevo León",1172018,18.53,13.05,-29.6,152.96,237.03,55,153,2778,Q2,84.5
2023-2025,19041,"Pesquería","Nuevo León",202281,29.65,11.86,-60,119.71,198.73,66,24,402,Q2,126
2023-2025,19045,"Salinas Victoria","Nuevo León",114954,33.3,6.96,-79.1,200.75,260.97,30,8,300,Q2,109.1
2023-2025,19046,"San Nicolás de los Garza","Nuevo León",424177,12.13,10.37,-14.5,95.59,189.07,97.8,44,802,Q2,112.3
2023-2025,19048,"Santa Catarina","Nuevo León",344233,23.63,12.2,-48.4,89.68,83.08,-7.4,42,286,Q1,41
2023-2025,20039,"Heroica Ciudad de Huajuapan de León","Oaxaca",79844,40.19,21.29,-47,31.4,32.56,3.7,17,26,Q2,50.7
2023-2025,20043,"Juchitán de Zaragoza","Oaxaca",122770,46.69,67.61,44.8,30.85,91.23,195.7,83,112,Q3,150.9
2023-2025,20059,"Miahuatlán de Porfirio Díaz","Oaxaca",54787,44.91,32.85,-26.8,95.44,10.95,-88.5,18,6,Q1,-61.7
2023-2025,20067,"Oaxaca de Juárez","Oaxaca",285221,13.18,7.36,-44.2,30.29,37.16,22.7,21,106,Q2,66.9
2023-2025,20079,"Salina Cruz","Oaxaca",80243,47.47,34.89,-26.5,29.21,17.45,-40.3,28,14,Q1,-13.8
2023-2025,20184,"San Juan Bautista Tuxtepec","Oaxaca",157569,6.92,8.25,19.2,27.05,23.48,-13.2,13,37,Q4,-32.4
2023-2025,20318,"San Pedro Mixtepec","Oaxaca",51829,25.36,38.59,52.2,27.31,48.24,76.6,20,25,Q3,24.5
2023-2025,20385,"Santa Cruz Xoxocotlán","Oaxaca",109628,18.78,7.3,-61.1,26.29,18.24,-30.6,8,20,Q1,30.5
2023-2025,20413,"Santa María Huatulco","Oaxaca",57477,16.33,5.22,-68,27.22,27.84,2.3,3,16,Q2,70.3
2023-2025,20482,"Santiago Pinotepa Nacional","Oaxaca",59387,27.46,63.99,133,78.94,139.76,77,38,83,Q3,-56
2023-2025,20515,"Santo Domingo Tehuantepec","Oaxaca",71877,34.01,27.83,-18.2,32.59,20.87,-36,20,15,Q1,-17.8
2023-2025,21004,"Acatzingo","Puebla",69572,29.6,15.81,-46.6,19.24,17.25,-10.4,11,12,Q1,36.2
2023-2025,21015,"Amozoc","Puebla",136668,12.78,12.44,-2.7,14.29,16.83,17.8,17,23,Q2,20.5
2023-2025,21019,"Atlixco","Puebla",146974,15.11,11.57,-23.4,24.72,25.85,4.6,17,38,Q2,28
2023-2025,21034,"Coronango","Puebla",52700,21.73,28.46,31,31.61,55.03,74.1,15,29,Q3,43.1
2023-2025,21041,"Cuautlancingo","Puebla",170843,6.33,6.44,1.7,16.46,20.49,24.5,11,35,Q3,22.8
2023-2025,21053,"Chignahuapan","Puebla",72014,12.83,16.66,29.8,9.98,6.94,-30.4,12,5,Q4,-60.3
2023-2025,21071,"Huauchinango","Puebla",105094,10.47,13.32,27.2,11.42,11.42,0,14,12,Q4,-27.3
2023-2025,21074,"Huejotzingo","Puebla",100524,14.38,12.93,-10.1,17.46,44.77,156.4,13,45,Q2,166.5
2023-2025,21085,"Izúcar de Matamoros","Puebla",86673,19.87,26.54,33.6,52.59,28.84,-45.2,23,25,Q4,-78.7
2023-2025,21110,"Palmar de Bravo","Puebla",54988,22.49,3.64,-83.8,18.74,5.46,-70.9,2,3,Q1,12.9
2023-2025,21114,"Puebla","Puebla",1837080,7.55,9.85,30.5,69.98,46.43,-33.7,181,853,Q4,-64.1
2023-2025,21119,"San Andrés Cholula","Puebla",176080,8.92,5.11,-42.7,22,26.12,18.8,9,46,Q2,61.4
2023-2025,21132,"San Martín Texmelucan","Puebla",160829,26.96,35.44,31.5,63.33,42.28,-33.2,57,68,Q4,-64.7
2023-2025,21140,"San Pedro Cholula","Puebla",149929,6.85,2.67,-61,12.33,20.68,67.7,4,31,Q2,128.8
2023-2025,21154,"Tecamachalco","Puebla",85497,35.72,24.56,-31.2,26.19,15.21,-42,21,13,Q1,-10.7
2023-2025,21156,"Tehuacán","Puebla",338197,15.51,11.24,-27.5,44.14,66.53,50.7,38,225,Q2,78.3
2023-2025,21164,"Tepeaca","Puebla",89075,25.13,8.98,-64.3,10.28,11.23,9.2,8,10,Q2,73.5
2023-2025,21208,"Zacatlán","Puebla",92319,6.61,16.25,145.8,18.73,13,-30.6,15,12,Q4,-176.4
2023-2025,22006,"Corregidora","Querétaro",241136,2.59,7.05,171.8,25.5,42.71,67.5,17,103,Q3,-104.3
2023-2025,22011,"El Marqués","Querétaro",279989,6.84,5.36,-21.7,177.8,158.22,-11,15,443,Q1,10.6
2023-2025,22014,"Querétaro","Querétaro",1215147,7.26,5.02,-30.9,78.48,125.58,60,61,1526,Q2,90.9
2023-2025,22016,"San Juan del Río","Querétaro",319163,13.42,5.95,-55.7,87.58,84.6,-3.4,19,270,Q1,52.2
2023-2025,23001,"Cozumel","Quintana Roo",95498,16.12,7.33,-54.5,95.66,156.02,63.1,7,149,Q2,117.6
2023-2025,23002,"Felipe Carrillo Puerto","Quintana Roo",92267,31.39,10.84,-65.5,30.27,96.46,218.7,10,89,Q2,284.2
2023-2025,23004,"Othón P. Blanco","Quintana Roo",257686,18.89,6.6,-65.1,82.39,75.29,-8.6,17,194,Q1,56.5
2023-2025,23005,"Benito Juárez","Quintana Roo",1026725,33.95,11.98,-64.7,87.51,127.01,45.1,123,1304,Q2,109.8
2023-2025,23008,"Solidaridad","Quintana Roo",409849,19.85,10,-49.6,241.28,192.51,-20.2,41,789,Q1,29.4
2023-2025,23009,"Tulum","Quintana Roo",56143,168.08,65.9,-60.8,260.61,439.95,68.8,37,247,Q2,129.6
2023-2025,24013,"Ciudad Valles","San Luis Potosí",186366,5.42,1.61,-70.3,299.31,455.56,52.2,3,849,Q2,122.5
2023-2025,24020,"Matehuala","San Luis Potosí",108299,9.4,5.54,-41.1,278.26,389.66,40,6,422,Q2,81.1
2023-2025,24024,"Rioverde","San Luis Potosí",101492,16.9,4.93,-70.9,240.59,581.33,141.6,5,590,Q2,212.5
2023-2025,24028,"San Luis Potosí","San Luis Potosí",983736,20.61,7.62,-63,412.68,500.74,21.3,75,4926,Q2,84.3
2023-2025,24035,"Soledad de Graciano Sánchez","San Luis Potosí",366644,14.67,8.18,-44.2,287.94,951.06,230.3,30,3487,Q2,274.5
2023-2025,25001,"Ahome","Sinaloa",491376,4.57,4.07,-10.9,13.91,16.69,19.9,20,82,Q2,30.8
2023-2025,25006,"Culiacán","Sinaloa",1089600,26.62,79.85,200,8.75,15.69,79.4,870,171,Q3,-120.6
2023-2025,25010,"El Fuerte","Sinaloa",99188,6.08,6.05,-0.6,6.08,6.05,-0.6,6,6,Q1,0
2023-2025,25011,"Guasave","Sinaloa",295714,9.5,3.38,-64.4,7.12,4.06,-43,10,12,Q1,21.4
2023-2025,25012,"Mazatlán","Sinaloa",522565,8.12,21.43,163.9,19.53,33.49,71.5,112,175,Q3,-92.4
2023-2025,26017,"Caborca","Sonora",96250,35.11,37.4,6.5,136.17,203.64,49.5,36,196,Q3,43
2023-2025,26018,"Cajeme","Sonora",453062,96.17,81,-15.8,46.08,278.77,504.9,367,1263,Q2,520.7
2023-2025,26025,"Empalme","Sonora",52096,34.59,13.44,-61.2,42.28,51.83,22.6,7,27,Q2,83.7
2023-2025,26029,"Guaymas","Sonora",161039,109.17,9.31,-91.5,81.09,91.9,13.3,15,148,Q2,104.8
2023-2025,26030,"Hermosillo","Sonora",1028894,9.92,24.69,148.9,195.54,246.67,26.1,254,2538,Q3,-122.8
2023-2025,26042,"Navojoa","Sonora",170577,7.69,7.03,-8.5,13.01,29.9,129.8,12,51,Q2,138.3
2023-2025,26043,"Nogales","Sonora",291698,21.19,21.6,1.9,19.78,71.99,264,63,210,Q3,262.1
2023-2025,26048,"Puerto Peñasco","Sonora",65454,18.53,4.58,-75.3,47.88,148.2,209.5,3,97,Q2,284.8
2023-2025,26055,"San Luis Río Colorado","Sonora",213148,90.51,86.32,-4.6,86.2,194.23,125.3,184,414,Q2,130
2023-2025,27002,"Cárdenas","Tabasco",245295,8.56,30.17,252.6,4.48,13.05,191.1,74,32,Q3,-61.5
2023-2025,27004,"Centro","Tabasco",698755,6.75,39.64,487.4,6.61,129.09,1854.3,277,902,Q3,1366.9
2023-2025,27005,"Comalcalco","Tabasco",225137,15.73,37.75,140,3.6,31.09,764.8,85,70,Q3,624.8
2023-2025,27006,"Cunduacán","Tabasco",139220,7.19,40.94,469.8,4.31,16.52,283.2,57,23,Q3,-186.6
2023-2025,27008,"Huimanguillo","Tabasco",197788,23.96,26.8,11.8,2.55,15.17,494.9,53,30,Q3,483.1
2023-2025,27012,"Macuspana","Tabasco",159878,10,15.64,56.4,9.37,14.39,53.5,25,23,Q3,-2.9
2023-2025,27013,"Nacajuca","Tabasco",162318,6.94,26.49,281.8,5.68,6.16,8.5,43,10,Q3,-273.3
2023-2025,27014,"Paraíso","Tabasco",100087,11.07,28.97,161.6,9.06,35.97,297,29,36,Q3,135.3
2023-2025,27017,"Tenosique","Tabasco",66620,16.85,27.02,60.4,9.19,9.01,-2,18,6,Q4,-62.4
2023-2025,28003,"Altamira","Tamaulipas",293020,3.14,3.41,8.6,5.94,5.12,-13.8,10,15,Q4,-22.4
2023-2025,28021,"El Mante","Tamaulipas",112505,9.97,0.89,-91.1,28.09,37.33,32.9,1,42,Q2,124
2023-2025,28022,"Matamoros","Tamaulipas",582214,6.49,5.5,-15.3,5.26,17.35,229.8,32,101,Q2,245.1
2023-2025,28027,"Nuevo Laredo","Tamaulipas",459021,4.9,1.74,-64.4,3.34,7.19,115.1,8,33,Q2,179.5
2023-2025,28032,"Reynosa","Tamaulipas",778947,15.36,9.89,-35.7,9.14,18.61,103.7,77,145,Q2,139.3
2023-2025,28033,"Río Bravo","Tamaulipas",143811,16.39,5.56,-66.1,5.7,56.32,887.8,8,81,Q2,953.9
2023-2025,28041,"Victoria","Tamaulipas",366665,13.24,8.18,-38.2,23.45,26.45,12.8,30,97,Q2,51
2023-2025,29005,"Apizaco","Tlaxcala",83966,9.63,4.76,-50.5,24.07,22.63,-6,4,19,Q1,44.5
2023-2025,29033,"Tlaxcala","Tlaxcala",106410,8.63,2.82,-67.3,12.46,17.86,43.3,3,19,Q2,110.6
2023-2025,30003,"Acayucan","Veracruz",79085,23.76,18.97,-20.2,53.76,56.9,5.8,15,45,Q2,26
2023-2025,30010,"Altotonga","Veracruz",64375,17.04,7.77,-54.4,77.43,38.83,-49.8,5,25,Q1,4.6
2023-2025,30028,"Boca del Río","Veracruz",148107,4.07,4.73,16.1,44.1,22.96,-47.9,7,34,Q4,-64
2023-2025,30039,"Coatzacoalcos","Veracruz",310767,14.43,14.8,2.6,68.61,93.96,36.9,46,292,Q3,34.4
2023-2025,30044,"Córdoba","Veracruz",207490,16.43,13.01,-20.8,129.48,69.4,-46.4,27,144,Q1,-25.6
2023-2025,30045,"Cosamaloapan de Carpio","Veracruz",52647,14.91,9.5,-36.3,26.09,45.59,74.7,5,24,Q2,111
2023-2025,30048,"Cosoleacaque","Veracruz",133308,7.52,7.5,-0.3,36.1,33.76,-6.5,10,45,Q1,-6.2
2023-2025,30061,"Las Choapas","Veracruz",80818,14.77,8.66,-41.3,51.69,105.17,103.5,7,85,Q2,144.8
2023-2025,30065,"Emiliano Zapata","Veracruz",94324,6.57,14.84,125.8,51.49,45.59,-11.5,14,43,Q4,-137.3
2023-2025,30068,"Fortín","Veracruz",68330,14.74,7.32,-50.4,48.64,27.81,-42.8,5,19,Q1,7.5
2023-2025,30087,"Xalapa","Veracruz",500266,5.42,4.2,-22.6,80.53,75.76,-5.9,21,379,Q1,16.7
2023-2025,30102,"Martínez de la Torre","Veracruz",108995,23.77,39.45,65.9,82.29,72.48,-11.9,43,79,Q4,-77.9
2023-2025,30105,"Medellín de Bravo","Veracruz",104092,5.92,11.53,94.9,24.65,17.29,-29.9,12,18,Q4,-124.7
2023-2025,30108,"Minatitlán","Veracruz",137182,12.1,13.12,8.4,32.74,54.67,67,18,75,Q3,58.5
2023-2025,30118,"Orizaba","Veracruz",120904,6.54,5.79,-11.5,44.98,52.11,15.8,7,63,Q2,27.4
2023-2025,30124,"Papantla","Veracruz",159782,13.08,15.65,19.6,58.56,46.31,-20.9,25,74,Q4,-40.5
2023-2025,30128,"Perote","Veracruz",79819,10.09,8.77,-13.1,16.39,121.52,641.4,7,97,Q2,654.5
2023-2025,30131,"Poza Rica de Hidalgo","Veracruz",189227,22.12,8.98,-59.4,101.13,44.92,-55.6,17,85,Q1,3.8
2023-2025,30155,"Tantoyuca","Veracruz",98639,5.02,9.12,81.6,29.14,36.5,25.3,9,36,Q3,-56.4
2023-2025,30160,"Álamo Temapache","Veracruz",110831,11.82,19.85,67.9,43.66,49.63,13.7,22,55,Q3,-54.2
2023-2025,30175,"Tihuatlán","Veracruz",91764,16.22,2.18,-86.6,157.9,38.14,-75.8,2,35,Q1,10.7
2023-2025,30183,"Tlapacoyan","Veracruz",61482,24.31,30.9,27.1,79.42,42.29,-46.8,19,26,Q4,-73.9
2023-2025,30189,"Tuxpan","Veracruz",148280,11.24,26.3,134.1,39,76.21,95.4,39,113,Q3,-38.7
2023-2025,30193,"Veracruz","Veracruz",625920,7.73,3.04,-60.7,45.89,36.91,-19.6,19,231,Q1,41.1
2023-2025,31050,"Mérida","Yucatán",1087930,1.13,1.29,13.5,31.85,18.29,-42.6,14,199,Q4,-56
2023-2025,32010,"Fresnillo","Zacatecas",258315,65.42,8.13,-87.6,23.39,37.16,58.9,21,96,Q2,146.5
2023-2025,32017,"Guadalupe","Zacatecas",239769,70.13,4.17,-94.1,55.32,65.06,17.6,10,156,Q2,111.7
2023-2025,32020,"Jerez","Zacatecas",62060,79.75,0,-100,19.53,6.45,-67,0,4,Q1,33
2023-2025,32038,"Pinos","Zacatecas",73566,17.74,13.59,-23.4,15.01,17.67,17.7,10,13,Q2,41.1
2023-2025,32056,"Zacatecas","Zacatecas",156095,51.26,3.84,-92.5,57.75,108.27,87.5,6,169,Q2,180
